Chromosome_8_100a-206-3p,ID=Hetgly08457.t1;Parent=Hetgly08457;Alias=mikado.Scaffold_5G5399.1::Chromosome_1:20691882-20693526,1,22,1195,1213,UUUCUUGAAAAAUUUCUGUUU,CAAAAAGACAATCGAGAA,0.964
Chromosome_8_100a-206-5p,ID=Hetgly08718.t1;Parent=Hetgly08718;Alias=mikado.Scaffold_5G5875.1::Chromosome_1:22591756-22597554,11,22,2109,2130,UUUCAAAGAAA,CAAAATGTCCAACCTCCTGTG,0.958
Chromosome_8_100a-206-5p,ID=Hetgly10721.t1;Parent=Hetgly10721;Alias=mikado.Scaffold_1G2993.1::Chromosome_2:9872691-9876009,1,21,502,522,UCAUAGGAAUUUUCAAAGAA,TTTTCCGTCCAACTCCTATA,0.958
Chromosome_8_100a-206-3p,ID=Hetgly10862.t1;Parent=Hetgly10862;Alias=mikado.Scaffold_1G3398.1::Chromosome_2:11250978-11254307,4,23,988,1012,CUUGAAAAAUUUCUGUUUG,TTTACTGTATATCGATTTCAAGAA,0.956
Chromosome_8_100a-206-5p,ID=Hetgly11264.t1;Parent=Hetgly11264;Alias=mikado.Scaffold_1G4610.1::Chromosome_2:16164850-16166861,7,21,369,390,GAAUUUUCAAAGAA,ATATACTAGACATTTCCTATT,0.958
Chromosome_8_100a-206-3p,ID=Hetgly11668.t1;Parent=Hetgly11668;Alias=mikado.Scaffold_1G5996.1::Chromosome_2:21784483-21797428,1,23,8638,8665,UUUCUUGAAAAAUUUCUGUUUG,CGTGCAAAAATTCCATAAAATCAAGAA,0.956
Chromosome_8_100a-206-3p,ID=Hetgly02909.t1;Parent=Hetgly02909;Alias=mikado.Scaffold_3G147.1::Chromosome_3:532983-571827,15,23,14215,14236,UCUGUUUG,CTCTCCGCGTCCCCTCAAGAA,0.976
Chromosome_8_100a-206-3p,ID=Hetgly04375.t1;Parent=Hetgly04375;Alias=mikado.Scaffold_3G3207.1::Chromosome_3:11625858-11699575,2,23,29015,29038,UUCUUGAAAAAUUUCUGUUUG,TAATCGGCCTGACTTATCGAGAA,0.96
Chromosome_8_100a-206-3p,ID=Hetgly04640.t1;Parent=Hetgly04640;Alias=mikado.Scaffold_3G3673.1::Chromosome_3:12921931-12975458,8,23,32651,32672,AAAAAUUUCUGUUUG,TTCCACCAACTTCATCAAGAA,0.966
Chromosome_8_100a-206-5p,ID=Hetgly05001.t1;Parent=Hetgly05001;Alias=mikado.Scaffold_3G4296.1::Chromosome_3:14667703-14736890,10,21,48003,48026,UUUUCAAAGAA,AAATTAAATAAAATTCTCCTATC,0.962
Chromosome_8_100a-206-5p,ID=Hetgly05517.t1;Parent=Hetgly05517;Alias=mikado.Scaffold_3G5331.1::Chromosome_3:18579535-18586317,10,21,4622,4645,UUUUCAAAGAA,GACACAAAAAAAATTGTCCTATC,0.954
Chromosome_8_100a-206-5p,ID=Hetgly05522.t1;Parent=Hetgly05522;Alias=mikado.Scaffold_3G5333.1::Chromosome_3:18618978-18623902,10,21,2782,2805,UUUUCAAAGAA,GACACAAAAAAAATTGTCCTATC,0.954
Chromosome_8_100a-206-3p,ID=Hetgly12645.t1;Parent=Hetgly12645;Alias=mikado.Scaffold_4G1915.1::Chromosome_4:7162161-7216054,4,23,23383,23404,CUUGAAAAAUUUCUGUUUG,ACTACAAAACATATACAAGAA,0.962
Chromosome_8_100a-206-5p,ID=Hetgly13463.t1;Parent=Hetgly13463;Alias=mikado.Scaffold_4G3187.1::Chromosome_4:10939417-10945173,4,22,5031,5062,UAGGAAUUUUCAAAGAAA,TCATCATTGCAAGTCCATTTCACCTCCTATG,0.978
Chromosome_8_100a-206-5p,ID=Hetgly13904.t1;Parent=Hetgly13904;Alias=mikado.Scaffold_4G4373.1::Chromosome_4:15057401-15061250,16,23,1639,1660,AAGAAAA,AAGGAAAAATGCACACCTATG,0.952
Chromosome_8_100a-206-5p,ID=Hetgly14190.t1;Parent=Hetgly14190;Alias=mikado.Scaffold_4G5128.1::Chromosome_4:17839235-17874194,2,21,31079,31099,CAUAGGAAUUUUCAAAGAA,ATTTCCAAAATTCTCCTATC,0.962
Chromosome_8_100a-206-5p,ID=Hetgly02616.t1;Parent=Hetgly02616;Alias=mikado.Scaffold_8G4876.1::Chromosome_5:15319254-15354225,5,21,14494,14514,AGGAAUUUUCAAAGAA,CACCCATTATACTTCCTATA,0.958
Chromosome_8_100a-206-5p,ID=Hetgly02645.t1;Parent=Hetgly02645;Alias=mikado.Scaffold_8G4910.1::Chromosome_5:15555182-15574454,1,21,8448,8471,UCAUAGGAAUUUUCAAAGAA,TTTTCCAAACTCTCATTCCTATT,0.97
Chromosome_8_100a-206-3p,ID=Hetgly02697.t1;Parent=Hetgly02697;Alias=mikado.Scaffold_8G5001.1::Chromosome_5:15822404-15893702,1,23,6575,6594,UUUCUUGAAAAAUUUCUGUUUG,CAAATTTAAAATTCAAGAA,0.968
Chromosome_8_100a-206-3p,ID=Hetgly14319.t1;Parent=Hetgly14319;Alias=mikado.Scaffold_6G246.1::Chromosome_6:939344-941542,5,23,1007,1026,UUGAAAAAUUUCUGUUUG,TATTCAAAAAATTCAAGAG,0.956
Chromosome_8_100a-206-3p,ID=Hetgly14428.t1;Parent=Hetgly14428;Alias=mikado.Scaffold_6G515.1::Chromosome_6:1757670-1768054,8,22,5664,5685,AAAAAUUUCUGUUU,TGCCGTTAAAATTCTCGAGAA,0.962
Chromosome_8_100a-206-5p,ID=Hetgly15593.t1;Parent=Hetgly15593;Alias=mikado.Scaffold_6G2749.1::Chromosome_6:8923797-8966015,1,23,23336,23356,UCAUAGGAAUUUUCAAAGAAAA,TATGCCTTAAACTTCCTATG,0.964
Chromosome_8_100a-206-3p,ID=Hetgly17363.t1;Parent=Hetgly17363;Alias=mikado.Scaffold_7G1517.1::Chromosome_7:5321985-5325350,2,23,1645,1667,UUCUUGAAAAAUUUCUGUUUG,AACACTGCAAGTATATCGAGAA,0.954
Chromosome_8_100a-206-3p,ID=Hetgly18149.t1;Parent=Hetgly18149;Alias=mikado.Scaffold_7G3106.1::Chromosome_7:9643315-9649388,5,22,2481,2500,UUGAAAAAUUUCUGUUU,GTGCCATAATTCTCAAGAA,0.984
Chromosome_8_100a-206-3p,ID=Hetgly21550.t1;Parent=Hetgly21550;Alias=mikado.Scaffold_2G1966.2::Chromosome_8:7756934-7758718,1,22,1178,1200,UUUCUUGAAAAAUUUCUGUUU,CAAAGACCATCAACTTCAAGAA,0.962
Chromosome_8_100a-206-3p,ID=Hetgly22243.t2;Parent=Hetgly22243;Alias=mikado.Scaffold_2G3047.2::Chromosome_8:10910353-10911410,2,23,461,482,UUCUUGAAAAAUUUCUGUUUG,AAAATACTCTTCATTCAAGAA,0.952
Chromosome_8_180a-183-5p,ID=Hetgly07624.t1;Parent=Hetgly07624;Alias=mikado.Scaffold_5G3625.1::Chromosome_1:15220605-15224517,10,26,3304,3325,UUUUAAAAUUAUUUUU,CCCCCCCCTTTTTAATTGGTT,0.952
Chromosome_8_180a-183-5p,ID=Hetgly07948.t1;Parent=Hetgly07948;Alias=mikado.Scaffold_5G4349.1::Chromosome_1:17169212-17235898,2,25,25527,25552,AACCAAUUUUUUAAAAUUAUUUU,GAACATTCGCTTCAGTCAATTGGTC,0.928
Chromosome_8_180a-183-5p,ID=Hetgly08320.t1;Parent=Hetgly08320;Alias=mikado.Scaffold_5G5175.1::Chromosome_1:19836761-19893736,1,25,27676,27698,UAACCAAUUUUUUAAAAUUAUUUU,AGAAAAGAGAAGGGAATTGGTG,0.922
Chromosome_8_180a-183-3p,ID=Hetgly08695.t1;Parent=Hetgly08695;Alias=mikado.Scaffold_5G5838.1::Chromosome_1:22425975-22430360,9,23,729,750,UUUUGAAAAUGGUC,AATAAAAATAAATAATATCTT,0.916
Chromosome_8_180a-183-3p,ID=Hetgly08695.t2;Parent=Hetgly08695;Alias=mikado.Scaffold_5G5838.2::Chromosome_1:22425987-22430288,9,23,717,738,UUUUGAAAAUGGUC,AATAAAAATAAATAATATCTT,0.916
Chromosome_8_180a-183-5p,ID=Hetgly08743.t1;Parent=Hetgly08743;Alias=mikado.Scaffold_5G5907.1::Chromosome_1:22721274-22724117,1,27,2039,2065,UAACCAAUUUUUUAAAAUUAUUUUUU,AAAAAATTTTTTATGGTATATTTGTT,0.926
Chromosome_8_180a-183-5p,ID=Hetgly08844.t1;Parent=Hetgly08844;Alias=mikado.Scaffold_5G6091.1::Chromosome_1:23434968-23438396,6,26,572,603,AAUUUUUUAAAAUUAUUUUU,TTTTGACAATTTAAATAAAGTATTATTGGTT,0.928
Chromosome_8_180a-183-5p,ID=Hetgly09925.t1;Parent=Hetgly09925;Alias=mikado.Scaffold_1G1705.1::Chromosome_2:5537633-5539999,8,25,222,244,UUUUUUAAAAUUAUUUU,ATTTTGCAATTTGAAATTGGTA,0.908
Chromosome_8_180a-183-5p,ID=Hetgly09959.t1;Parent=Hetgly09959;Alias=mikado.Scaffold_1G1703.1::Chromosome_2:5679565-5681577,8,26,505,527,UUUUUUAAAAUUAUUUUU,CAGTTTCACTTTTCAATTGGTT,0.926
Chromosome_8_180a-183-5p,ID=Hetgly11639.t1;Parent=Hetgly11639;Alias=mikado.Scaffold_1G5950.1::Chromosome_2:21575093-21584356,1,25,5825,5847,UAACCAAUUUUUUAAAAUUAUUUU,AGAAAAGAGAAGGGAATTGGTG,0.91
Chromosome_8_180a-183-5p,ID=Hetgly03042.t1;Parent=Hetgly03042;Alias=mikado.Scaffold_3G514.1::Chromosome_3:1864396-1867447,19,26,2739,2764,UAUUUUU,GATGGGCAGCAACTTGGCATTGGTT,0.918
Chromosome_8_180a-183-5p,ID=Hetgly03868.t1;Parent=Hetgly03868;Alias=mikado.Scaffold_3G2467.1::Chromosome_3:8978930-8980376,4,25,521,545,CCAAUUUUUUAAAAUUAUUUU,ACCACATATGTTTTCCAATTGGTA,0.966
Chromosome_8_180a-183-5p,ID=Hetgly03971.t1;Parent=Hetgly03971;Alias=mikado.Scaffold_3G2265.1::Chromosome_3:9576927-9585286,7,26,4742,4765,AUUUUUUAAAAUUAUUUUU,CCTTTTTCATTTTTCAATTGGTT,0.918
Chromosome_8_180a-183-5p,ID=Hetgly04308.t1;Parent=Hetgly04308;Alias=mikado.Scaffold_3G3178.1::Chromosome_3:11341400-11347668,19,26,866,891,UAUUUUU,CCGACCTTTTCCTTGTCCATTGGTT,0.93
Chromosome_8_180a-183-5p,ID=Hetgly04375.t1;Parent=Hetgly04375;Alias=mikado.Scaffold_3G3207.1::Chromosome_3:11625858-11699575,19,26,36252,36277,UAUUUUU,AATGGTTTCTCTCCTTTTATTGGTT,0.926
Chromosome_8_180a-183-5p,ID=Hetgly05522.t1;Parent=Hetgly05522;Alias=mikado.Scaffold_3G5333.1::Chromosome_3:18618978-18623902,1,27,1175,1196,UAACCAAUUUUUUAAAAUUAUUUUUU,AAAAAAAAACATAAATAGGTT,0.92
Chromosome_8_180a-183-5p,ID=Hetgly13555.t1;Parent=Hetgly13555;Alias=mikado.Scaffold_4G3352.1::Chromosome_4:11419739-11421440,19,26,1000,1025,UAUUUUU,TCTGCCTCCCTCATTATTATTGGTT,0.916
Chromosome_8_180a-183-5p,ID=Hetgly14043.t1;Parent=Hetgly14043;Alias=mikado.Scaffold_4G4788.1::Chromosome_4:16658034-16662937,1,26,2098,2119,UAACCAAUUUUUUAAAAUUAUUUUU,ATAAAATATTTTCACTTGGTT,0.918
Chromosome_8_180a-183-5p,ID=Hetgly00394.t1;Parent=Hetgly00394;Alias=mikado.Scaffold_8G791.1::Chromosome_5:2580042-2582025,9,27,1445,1467,UUUUUAAAAUUAUUUUUU,TGCTTGGCATTTATGATTGGTT,0.92
Chromosome_8_180a-183-5p,ID=Hetgly01905.t1;Parent=Hetgly01905;Alias=mikado.Scaffold_8G3545.1::Chromosome_5:10920872-10922773,1,26,1731,1752,UAACCAAUUUUUUAAAAUUAUUUUU,AACAAATTATTCAAATTGGAT,0.926
Chromosome_8_180a-183-5p,ID=Hetgly02572.t1;Parent=Hetgly02572;Alias=mikado.Scaffold_8G4759.1::Chromosome_5:14887244-14919700,2,26,18506,18529,AACCAAUUUUUUAAAAUUAUUUUU,CAAAAACAATTCACCCATTGGTT,0.92
Chromosome_8_180a-183-5p,ID=Hetgly14208.t1;Parent=Hetgly14208;Alias=mikado.Scaffold_6G3.1::Chromosome_6:1-51215,19,27,39136,39161,UAUUUUUU,CACATTTTCTTTCTTTTTATTGGTT,0.926
Chromosome_8_180a-183-5p,ID=Hetgly15687.t1;Parent=Hetgly15687;Alias=mikado.Scaffold_6G2893.1::Chromosome_6:9249788-9254111,10,26,986,1011,UUUUAAAAUUAUUUUU,TTCATCTCCTTTTTTGCCATTGGTT,0.932
Chromosome_8_180a-183-5p,ID=Hetgly18693.t1;Parent=Hetgly18693;Alias=mikado.Scaffold_7G4076.1::Chromosome_7:12675247-12683149,3,25,3537,3558,ACCAAUUUUUUAAAAUUAUUUU,GGATAGAAATTAGAATTGGTG,0.914
Chromosome_8_714a-263-3p,ID=Hetgly07948.t1;Parent=Hetgly07948;Alias=mikado.Scaffold_5G4349.1::Chromosome_1:17169212-17235898,3,23,9863,9891,ACUUUUGGCCAUAACUUUGC,TCGCTGATTTCAATGCACACCAAAAGTT,0.95
Chromosome_8_714a-263-3p,ID=Hetgly08695.t1;Parent=Hetgly08695;Alias=mikado.Scaffold_5G5838.1::Chromosome_1:22425975-22430360,1,24,2098,2122,GUACUUUUGGCCAUAACUUUGCU,GGGAAATGATACAACGCAAAAGTA,0.948
Chromosome_8_714a-263-3p,ID=Hetgly08695.t2;Parent=Hetgly08695;Alias=mikado.Scaffold_5G5838.2::Chromosome_1:22425987-22430288,1,24,2086,2110,GUACUUUUGGCCAUAACUUUGCU,GGGAAATGATACAACGCAAAAGTA,0.948
Chromosome_8_714a-263-3p,ID=Hetgly10627.t1;Parent=Hetgly10627;Alias=mikado.Scaffold_1G2735.1::Chromosome_2:8869121-8871137,5,23,1,24,UUUUGGCCAUAACUUUGC,ATAAAAATGAATCTCCAAAAGTC,0.946
Chromosome_8_714a-263-3p,ID=Hetgly03208.t1;Parent=Hetgly03208;Alias=mikado.Scaffold_3G898.1::Chromosome_3:3393590-3439391,1,24,19090,19110,GUACUUUUGGCCAUAACUUUGCU,GAACTGATTAAACAAAAGTA,0.95
Chromosome_8_714a-263-3p,ID=Hetgly04490.t1;Parent=Hetgly04490;Alias=mikado.Scaffold_3G3275.1::Chromosome_3:12158861-12220844,1,25,4414,4433,GUACUUUUGGCCAUAACUUUGCUC,GATAAAAGGGACAAAAGAA,0.944
Chromosome_8_714a-263-3p,ID=Hetgly04491.t1;Parent=Hetgly04491;Alias=mikado.Scaffold_3G3401.1::Chromosome_3:12161970-12163519,1,25,1305,1324,GUACUUUUGGCCAUAACUUUGCUC,GATAAAAGGGACAAAAGAA,0.944
Chromosome_8_714a-263-3p,ID=Hetgly04505.t1;Parent=Hetgly04505;Alias=mikado.Scaffold_3G3410.1::Chromosome_3:12220511-12221838,1,25,1104,1123,GUACUUUUGGCCAUAACUUUGCUC,GATAAAAGGGACAAAAGAA,0.944
Chromosome_8_714a-263-5p,ID=Hetgly00173.t1;Parent=Hetgly00173;Alias=mikado.Scaffold_8G303.1::Chromosome_5:796978-827845,6,22,12461,12480,UUAUGGCAAAAAUAUU,TCTCCTTATTTCTAACTTT,0.946
Chromosome_8_714a-263-3p,ID=Hetgly02504.t1;Parent=Hetgly02504;Alias=mikado.Scaffold_8G4492.1::Chromosome_5:14246143-14254607,16,24,2966,2989,ACUUUGCU,CGCCACAAAAACTCACAAAAGTA,0.956
Chromosome_8_714a-263-3p,ID=Hetgly02697.t1;Parent=Hetgly02697;Alias=mikado.Scaffold_8G5001.1::Chromosome_5:15822404-15893702,2,24,56793,56812,UACUUUUGGCCAUAACUUUGCU,AAACGAAATTACAAAAGTA,0.946
Chromosome_8_714a-263-3p,ID=Hetgly02730.t1;Parent=Hetgly02730;Alias=mikado.Scaffold_8G4995.1::Chromosome_5:15993792-15998631,3,23,1773,1798,ACUUUUGGCCAUAACUUUGC,CCGCTTAAATTCAAAACCAAAAGTT,0.956
Chromosome_8_714a-263-3p,ID=Hetgly02741.t1;Parent=Hetgly02741;Alias=mikado.Scaffold_8G5057.1::Chromosome_5:16092476-16097930,5,23,1555,1578,UUUUGGCCAUAACUUUGC,GTTTAAATTCAAAACCAAAAGTT,0.98
Chromosome_8_714a-263-3p,ID=Hetgly02777.t1;Parent=Hetgly02777;Alias=mikado.Scaffold_8G5117.1::Chromosome_5:16278114-16298081,4,24,5759,5786,CUUUUGGCCAUAACUUUGCU,TCTCAATTAATTAAATCACCAAAAGTA,0.94
Chromosome_8_714a-263-3p,ID=Hetgly14208.t1;Parent=Hetgly14208;Alias=mikado.Scaffold_6G3.1::Chromosome_6:1-51215,1,25,2607,2628,GUACUUUUGGCCAUAACUUUGCUC,GAGTCAAAATCCGCGAAAGTA,0.962
Chromosome_8_714a-263-3p,ID=Hetgly14850.t1;Parent=Hetgly14850;Alias=mikado.Scaffold_6G1549.1::Chromosome_6:5139154-5150262,3,24,1365,1390,ACUUUUGGCCAUAACUUUGCU,CTGCCATTCACGACAAACAAAAGTA,0.956
Chromosome_8_714a-263-3p,ID=Hetgly14850.t2;Parent=Hetgly14850;Alias=mikado.Scaffold_6G1549.2::Chromosome_6:5139358-5150262,3,24,1161,1186,ACUUUUGGCCAUAACUUUGCU,CTGCCATTCACGACAAACAAAAGTA,0.956
Chromosome_8_714a-263-3p,ID=Hetgly14851.t2;Parent=Hetgly14851;Alias=mikado.Scaffold_6G1451.1::Chromosome_6:5140339-5151448,3,24,180,205,ACUUUUGGCCAUAACUUUGCU,CTGCCATTCACGACAAACAAAAGTA,0.956
Chromosome_8_714a-263-3p,ID=Hetgly14851.t1;Parent=Hetgly14851;Alias=mikado.Scaffold_6G1451.2::Chromosome_6:5140339-5151244,3,24,180,205,ACUUUUGGCCAUAACUUUGCU,CTGCCATTCACGACAAACAAAAGTA,0.956
Chromosome_8_714a-263-3p,ID=Hetgly15593.t1;Parent=Hetgly15593;Alias=mikado.Scaffold_6G2749.1::Chromosome_6:8923797-8966015,1,24,21911,21930,GUACUUUUGGCCAUAACUUUGCU,GAGAAAAGAAACAAAAGTA,0.948
Chromosome_8_714a-263-3p,ID=Hetgly17928.t1;Parent=Hetgly17928;Alias=mikado.Scaffold_7G2760.1::Chromosome_7:8614748-8617954,11,24,1590,1611,CCAUAACUUUGCU,TATTCCTAAAATAGAAAAGTA,0.944
Chromosome_8_714a-263-3p,ID=Hetgly17936.t1;Parent=Hetgly17936;Alias=mikado.Scaffold_7G2777.1::Chromosome_7:8646909-8651228,5,23,1759,1780,UUUUGGCCAUAACUUUGC,CGAAAAAATAATCCAAAAGTC,0.942
Chromosome_8_714a-263-3p,ID=Hetgly20695.t1;Parent=Hetgly20695;Alias=mikado.Scaffold_2G134.1::Chromosome_8:172612-183989,4,23,3857,3886,CUUUUGGCCAUAACUUUGC,CCCCAAATTATTTCTATTAGCCAAAAGTC,0.942
Chromosome_8_714a-263-3p,ID=Hetgly21869.t1;Parent=Hetgly21869;Alias=mikado.Scaffold_2G2458.1::Chromosome_8:9161519-9167909,16,25,2243,2266,ACUUUGCUC,ATCGAAAAACCAACACAAAAGTA,0.978
Chromosome_8_714a-263-3p,ID=Hetgly19298.t1;Parent=Hetgly19298;Alias=mikado.Scaffold_9G1024.1::Chromosome_9:3202005-3210727,1,23,14,35,GUACUUUUGGCCAUAACUUUGC,GGGGGGGGATGGTCAAAAGTT,0.948
Chromosome_8_714a-263-5p,ID=Hetgly19368.t1;Parent=Hetgly19368;Alias=mikado.Scaffold_9G1138.1::Chromosome_9:3640404-3701676,2,22,35410,35427,AAAGUUAUGGCAAAAAUAUU,TAAAACTTTTTAACTTT,0.948
com_Chromosome_8_714b-137-3p,ID=Hetgly06324.t1;Parent=Hetgly06324;Alias=mikado.Scaffold_5G1108.1::Chromosome_1:4813722-4817672,1,25,2034,2055,AAUAUUUUUGCCAUAACUUUAUUC,GAAAACAAAAATGCAAAATAT,0.95
com_Chromosome_8_714b-137-5p,ID=Hetgly07548.t2;Parent=Hetgly07548;Alias=mikado.Scaffold_5G3709.1::Chromosome_1:14797604-14800752,3,24,1667,1686,CAAAGUUAUGGCCAAAAGUAC,TAACTAATTGATGCTTTGC,0.946
com_Chromosome_8_714b-137-5p,ID=Hetgly07548.t3;Parent=Hetgly07548;Alias=mikado.Scaffold_5G3709.3::Chromosome_1:14798477-14800752,3,24,794,813,CAAAGUUAUGGCCAAAAGUAC,TAACTAATTGATGCTTTGC,0.946
com_Chromosome_8_714b-137-5p,ID=Hetgly07948.t1;Parent=Hetgly07948;Alias=mikado.Scaffold_5G4349.1::Chromosome_1:17169212-17235898,2,23,63756,63781,GCAAAGUUAUGGCCAAAAGUA,TTACTTCTTACAAAAACAACTTCGC,0.948
com_Chromosome_8_714b-137-5p,ID=Hetgly08320.t1;Parent=Hetgly08320;Alias=mikado.Scaffold_5G5175.1::Chromosome_1:19836761-19893736,1,24,16375,16393,AGCAAAGUUAUGGCCAAAAGUAC,GTATTTTTAAAATTTTGC,0.982
com_Chromosome_8_714b-137-5p,ID=Hetgly08474.t1;Parent=Hetgly08474;Alias=mikado.Scaffold_5G5513.1::Chromosome_1:20879401-20884754,3,23,4997,5014,CAAAGUUAUGGCCAAAAGUA,CGATTTTTTTGCTTTGC,0.95
com_Chromosome_8_714b-137-5p,ID=Hetgly09981.t1;Parent=Hetgly09981;Alias=mikado.Scaffold_1G1752.1::Chromosome_2:5773828-5779460,2,24,4335,4357,GCAAAGUUAUGGCCAAAAGUAC,CTCCTATTTAATTTGACTTTGT,0.946
com_Chromosome_8_714b-137-5p,ID=Hetgly10055.t1;Parent=Hetgly10055;Alias=mikado.Scaffold_1G1864.1::Chromosome_2:6067618-6071409,12,23,2413,2435,GGCCAAAAGUA,TAAATCTCTCTCTTCACTTTGC,0.954
com_Chromosome_8_714b-137-5p,ID=Hetgly10522.t1;Parent=Hetgly10522;Alias=mikado.Scaffold_1G2585.1::Chromosome_2:8200024-8203953,17,24,2843,2865,AAAGUAC,TAATTAAATAAAAATTCTTTGC,0.96
com_Chromosome_8_714b-137-5p,ID=Hetgly10721.t1;Parent=Hetgly10721;Alias=mikado.Scaffold_1G2993.1::Chromosome_2:9872691-9876009,1,23,1001,1023,AGCAAAGUUAUGGCCAAAAGUA,GAATGTTTTACAAATGCTTTGC,0.988
com_Chromosome_8_714b-137-5p,ID=Hetgly03806.t1;Parent=Hetgly03806;Alias=mikado.Scaffold_3G2419.1::Chromosome_3:8510274-8512720,2,23,1498,1519,GCAAAGUUAUGGCCAAAAGUA,ATCCTTCTTGAAACGCTTTGC,0.968
com_Chromosome_8_714b-137-5p,ID=Hetgly04218.t1;Parent=Hetgly04218;Alias=mikado.Scaffold_3G3067.1::Chromosome_3:10894772-10957169,10,24,19997,20019,AUGGCCAAAAGUAC,CCCCCAAATGATAAAATTTTGC,0.942
com_Chromosome_8_714b-137-5p,ID=Hetgly04375.t1;Parent=Hetgly04375;Alias=mikado.Scaffold_3G3207.1::Chromosome_3:11625858-11699575,3,24,24940,24958,CAAAGUUAUGGCCAAAAGUAC,TGATTTTTTTAACTTTGT,0.946
com_Chromosome_8_714b-137-5p,ID=Hetgly04640.t1;Parent=Hetgly04640;Alias=mikado.Scaffold_3G3673.1::Chromosome_3:12921931-12975458,5,23,34983,35000,AAGUUAUGGCCAAAAGUA,ATTATTTTGAACTTTGC,0.964
com_Chromosome_8_714b-137-5p,ID=Hetgly04803.t1;Parent=Hetgly04803;Alias=mikado.Scaffold_3G3931.1::Chromosome_3:13658508-13661702,2,22,201,223,GCAAAGUUAUGGCCAAAAGU,CTCCTTCTTTCTCTCACTTTGT,0.974
com_Chromosome_8_714b-137-5p,ID=Hetgly05069.t1;Parent=Hetgly05069;Alias=mikado.Scaffold_3G4389.1::Chromosome_3:15112630-15158773,3,23,37057,37079,CAAAGUUAUGGCCAAAAGUA,CCACTCATTTCACAGACTTTGC,0.972
com_Chromosome_8_714b-137-5p,ID=Hetgly05159.t1;Parent=Hetgly05159;Alias=mikado.Scaffold_3G4531.1::Chromosome_3:15689041-15694032,2,23,3741,3766,GCAAAGUUAUGGCCAAAAGUA,ATTCCTATGATAAATAGGACTTTGC,0.95
com_Chromosome_8_714b-137-3p,ID=Hetgly05660.t1;Parent=Hetgly05660;Alias=mikado.Scaffold_3G5479.1::Chromosome_3:19837292-19838665,1,24,138,161,AAUAUUUUUGCCAUAACUUUAUU,GAAAAAAAACGCAAGCAAAATAT,0.954
com_Chromosome_8_714b-137-5p,ID=Hetgly12492.t1;Parent=Hetgly12492;Alias=mikado.Scaffold_4G1598.1::Chromosome_4:6223748-6227937,2,23,295,317,GCAAAGUUAUGGCCAAAAGUA,TTAAATTTAATTTGAACTTTGC,0.948
com_Chromosome_8_714b-137-5p,ID=Hetgly12645.t1;Parent=Hetgly12645;Alias=mikado.Scaffold_4G1915.1::Chromosome_4:7162161-7216054,4,22,23857,23881,AAAGUUAUGGCCAAAAGU,TCTCTTCCTTCTCTCTCACTTTGT,0.976
com_Chromosome_8_714b-137-5p,ID=Hetgly13465.t1;Parent=Hetgly13465;Alias=mikado.Scaffold_4G3188.1::Chromosome_4:10947450-10951078,2,24,2122,2140,GCAAAGUUAUGGCCAAAAGUAC,CTCCTTTCTTCACTTTGC,0.96
com_Chromosome_8_714b-137-5p,ID=Hetgly13487.t1;Parent=Hetgly13487;Alias=mikado.Scaffold_4G3065.1::Chromosome_4:11048105-11051310,7,23,310,331,GUUAUGGCCAAAAGUA,TTGTCATTGTCCATATTTTGC,0.974
com_Chromosome_8_714b-137-5p,ID=Hetgly02274.t1;Parent=Hetgly02274;Alias=mikado.Scaffold_8G4124.1::Chromosome_5:12771198-12772192,17,24,397,419,AAAGUAC,GCACCCCCTCAATCACCTTTGC,0.966
com_Chromosome_8_714b-137-3p,ID=Hetgly02742.t1;Parent=Hetgly02742;Alias=mikado.Scaffold_8G5058.1::Chromosome_5:16099284-16101840,5,25,68,91,UUUUUGCCAUAACUUUAUUC,CCCCAAAATAATTTGCAAAATAT,0.95
com_Chromosome_8_714b-137-5p,ID=Hetgly14292.t1;Parent=Hetgly14292;Alias=mikado.Scaffold_6G201.1::Chromosome_6:771362-781844,17,24,5650,5672,AAAGUAC,TCTTCTCTATCTCTCTCTTTGC,0.96
com_Chromosome_8_714b-137-3p,ID=Hetgly17269.t1;Parent=Hetgly17269;Alias=mikado.Scaffold_7G1426.1::Chromosome_7:4410151-4412489,2,24,1279,1298,AUAUUUUUGCCAUAACUUUAUU,CAATAAAAACGCAAAATAT,0.954
Chromosome_8_752a-219-3p,ID=Hetgly07656.t1;Parent=Hetgly07656;Alias=mikado.Scaffold_5G3859.1::Chromosome_1:15424666-15432266,2,25,1920,1940,GAAUAAGUUUGGGACAAUAAAUG,TCATTTTCTCCCTCTTATTC,0.93
Chromosome_8_752a-219-3p,ID=Hetgly07937.t1;Parent=Hetgly07937;Alias=mikado.Scaffold_5G4341.1::Chromosome_1:17086485-17090109,16,25,2585,2609,CAAUAAAUG,TATCACTAAACTTTTAACTTATTC,0.944
Chromosome_8_752a-219-5p,ID=Hetgly07948.t1;Parent=Hetgly07948;Alias=mikado.Scaffold_5G4349.1::Chromosome_1:17169212-17235898,1,24,58220,58242,CACAUGUAUUGUCCAAAAUCGAU,GACTCCTTTTCTAAATACATGA,0.972
Chromosome_8_752a-219-3p,ID=Hetgly08799.t1;Parent=Hetgly08799;Alias=mikado.Scaffold_5G5944.1::Chromosome_1:23090136-23096338,3,25,222,242,AAUAAGUUUGGGACAAUAAAUG,CAATTAATTATGGCTTATTC,0.952
Chromosome_8_752a-219-5p,ID=Hetgly08921.t1;Parent=Hetgly08921;Alias=mikado.Scaffold_5G6302.1::Chromosome_1:23939953-23965764,2,26,10929,10954,ACAUGUAUUGUCCAAAAUCGAUUC,CAATCATAATTCATAATTTACATGT,0.964
Chromosome_8_752a-219-3p,ID=Hetgly03477.t1;Parent=Hetgly03477;Alias=mikado.Scaffold_3G1334.1::Chromosome_3:5739930-5747190,3,26,1226,1244,AAUAAGUUUGGGACAAUAAAUGU,TAATTAATTTTCTTATTC,0.94
Chromosome_8_752a-219-5p,ID=Hetgly04218.t1;Parent=Hetgly04218;Alias=mikado.Scaffold_3G3067.1::Chromosome_3:10894772-10957169,1,25,32837,32863,CACAUGUAUUGUCCAAAAUCGAUU,GATTAGAAATTAGTCAAAATACATGT,0.954
Chromosome_8_752a-219-5p,ID=Hetgly05681.t1;Parent=Hetgly05681;Alias=mikado.Scaffold_3G5495.1::Chromosome_3:19978979-19980925,2,25,1770,1806,ACAUGUAUUGUCCAAAAUCGAUU,AAATTGAAAAGTTTAGGCCCACTGTTGTTTACATGT,0.926
Chromosome_8_752a-219-5p,ID=Hetgly12055.t1;Parent=Hetgly12055;Alias=mikado.Scaffold_4G458.1::Chromosome_4:1532030-1534820,1,25,1308,1330,CACAUGUAUUGUCCAAAAUCGAUU,GGAAAAATATTATTGTACATGT,0.942
Chromosome_8_752a-219-5p,ID=Hetgly13523.t1;Parent=Hetgly13523;Alias=mikado.Scaffold_4G3223.1::Chromosome_4:11223010-11243614,1,25,794,817,CACAUGUAUUGUCCAAAAUCGAUU,GAAGCCATTGTCCCCATACATGT,0.942
Chromosome_8_752a-219-5p,ID=Hetgly13615.t1;Parent=Hetgly13615;Alias=mikado.Scaffold_4G3493.1::Chromosome_4:11787360-11814302,1,25,16018,16041,CACAUGUAUUGUCCAAAAUCGAUU,GAAGCCATTGTCCCCATACATGT,0.934
Chromosome_8_752a-219-5p,ID=Hetgly13618.t1;Parent=Hetgly13618;Alias=mikado.Scaffold_4G3494.1::Chromosome_4:11801261-11851266,1,25,2117,2140,CACAUGUAUUGUCCAAAAUCGAUU,GAAGCCATTGTCCCCATACATGT,0.934
Chromosome_8_752a-219-5p,ID=Hetgly14190.t1;Parent=Hetgly14190;Alias=mikado.Scaffold_4G5128.1::Chromosome_4:17839235-17874194,3,25,21021,21050,CAUGUAUUGUCCAAAAUCGAUU,TTATCCATTCCTTCAATTCCCATACATGT,0.948
Chromosome_8_752a-219-3p,ID=Hetgly00173.t1;Parent=Hetgly00173;Alias=mikado.Scaffold_8G303.1::Chromosome_5:796978-827845,1,26,19307,19325,UGAAUAAGUUUGGGACAAUAAAUGU,ACATTAATACACTTATTC,0.948
Chromosome_8_752a-219-5p,ID=Hetgly00311.t1;Parent=Hetgly00311;Alias=mikado.Scaffold_8G582.1::Chromosome_5:1818533-1823484,3,24,2024,2047,CAUGUAUUGUCCAAAAUCGAU,ATATAGTAACTTTGAATACATGA,0.964
Chromosome_8_752a-219-3p,ID=Hetgly02148.t1;Parent=Hetgly02148;Alias=mikado.Scaffold_8G3916.1::Chromosome_5:12153238-12156060,2,26,2384,2413,GAAUAAGUUUGGGACAAUAAAUGU,GCAATTAAAATCATAATTAACACTTATTC,0.942
Chromosome_8_752a-219-5p,ID=Hetgly02645.t1;Parent=Hetgly02645;Alias=mikado.Scaffold_8G4910.1::Chromosome_5:15555182-15574454,8,26,5271,5297,AUUGUCCAAAAUCGAUUC,AAAGACTTTTTCTAAATCGTGCATGT,0.942
Chromosome_8_752a-219-3p,ID=Hetgly14428.t1;Parent=Hetgly14428;Alias=mikado.Scaffold_6G515.1::Chromosome_6:1757670-1768054,3,26,7891,7912,AAUAAGUUUGGGACAAUAAAUGU,GAATTTAAATTTTACTTATTC,0.942
Chromosome_8_752a-219-3p,ID=Hetgly16778.t1;Parent=Hetgly16778;Alias=mikado.Scaffold_7G204.1::Chromosome_7:646544-650037,16,25,2583,2607,CAAUAAAUG,TATCACTAAACTTTTAACTTATTC,0.944
Chromosome_8_752a-219-5p,ID=Hetgly18723.t1;Parent=Hetgly18723;Alias=mikado.Scaffold_7G4025.1::Chromosome_7:12879140-12884469,17,25,1,11,AAUCGAUU,TTATACATGT,0.964
Chromosome_8_752a-219-5p,ID=Hetgly18770.t1;Parent=Hetgly18770;Alias=mikado.Scaffold_7G4058.1::Chromosome_7:13165576-13207576,2,26,36762,36786,ACAUGUAUUGUCCAAAAUCGAUUC,CAATTTTTTTCAGTTCGTACGTGT,0.934
Chromosome_8_752a-219-5p,ID=Hetgly21017.t1;Parent=Hetgly21017;Alias=mikado.Scaffold_2G822.1::Chromosome_8:3811906-3859658,4,26,42553,42579,AUGUAUUGUCCAAAAUCGAUUC,TCTTCCTTTTCATCCCCAAAACATGT,0.926
Chromosome_8_752a-219-5p,ID=Hetgly19368.t1;Parent=Hetgly19368;Alias=mikado.Scaffold_9G1138.1::Chromosome_9:3640404-3701676,5,24,51262,51286,UGUAUUGUCCAAAAUCGAU,AGCCCTGTTCCGAAAAGTACATGA,0.942
Chromosome_8_752a-219-5p,ID=Hetgly19379.t1;Parent=Hetgly19379;Alias=mikado.Scaffold_9G1144.1::Chromosome_9:3691343-3695487,5,24,323,347,UGUAUUGUCCAAAAUCGAU,AGCCCTGTTCCGAAAAGTACATGA,0.942
com_Chromosome_8_752b-181-5p,ID=Hetgly06094.t1;Parent=Hetgly06094;Alias=mikado.Scaffold_5G338.1::Chromosome_1:2315181-2331885,1,30,10783,10815,UGUCCCAAACUUAUUCAAAUGAACGGAAU,TTTTAAGCTATATAAGAAAATTGTATTGGGGC,0.926
com_Chromosome_8_752b-181-5p,ID=Hetgly06304.t1;Parent=Hetgly06304;Alias=mikado.Scaffold_5G509.1::Chromosome_1:4491663-4493122,2,30,1425,1454,GUCCCAAACUUAUUCAAAUGAACGGAAU,AAATGCGATAATTTATCTGTGATTGGGGC,0.93
com_Chromosome_8_752b-181-3p,ID=Hetgly07948.t1;Parent=Hetgly07948;Alias=mikado.Scaffold_5G4349.1::Chromosome_1:17169212-17235898,7,30,29303,29327,GAAUUUGAAUCGAUUUUGGACAA,TAAAGACACAAACGCACTCACTGA,0.972
com_Chromosome_8_752b-181-5p,ID=Hetgly08639.t1;Parent=Hetgly08639;Alias=mikado.Scaffold_5G5737.1::Chromosome_1:21935391-21940921,2,28,5285,5321,GUCCCAAACUUAUUCAAAUGAACGGA,CATTGCATTGCAATAGACCAAAAAGACAATTGGGTA,0.958
com_Chromosome_8_752b-181-5p,ID=Hetgly04826.t1;Parent=Hetgly04826;Alias=mikado.Scaffold_3G3836.1::Chromosome_3:13802696-13859764,16,31,35558,35587,CAAAUGAACGGAAUA,TGAAAATAACAAAAAAATCAAATTGGGAT,0.92
com_Chromosome_8_752b-181-3p,ID=Hetgly05749.t1;Parent=Hetgly05749;Alias=mikado.Scaffold_3G5551.1::Chromosome_3:20572028-20575743,5,29,2533,2560,GUGAAUUUGAAUCGAUUUUGGACA,GCAATTAAAAAAAAATTAACTCACTAT,0.928
com_Chromosome_8_752b-181-5p,ID=Hetgly13209.t1;Parent=Hetgly13209;Alias=mikado.Scaffold_4G2862.1::Chromosome_4:9811732-9816575,24,30,1362,1391,CGGAAU,ACCAATCGCCGCCCCCCCCCCCGTGGGAC,0.932
com_Chromosome_8_752b-181-5p,ID=Hetgly14190.t1;Parent=Hetgly14190;Alias=mikado.Scaffold_4G5128.1::Chromosome_4:17839235-17874194,15,29,4972,4999,UCAAAUGAACGGAA,CCAAACGAAACAAAGAACAATTGGGAG,0.956
com_Chromosome_8_752b-181-5p,ID=Hetgly00299.t1;Parent=Hetgly00299;Alias=mikado.Scaffold_8G550.1::Chromosome_5:1731376-1733738,21,30,1,12,GAACGGAAU,GCGTTTGGGTC,0.946
com_Chromosome_8_752b-181-5p,ID=Hetgly00308.t1;Parent=Hetgly00308;Alias=mikado.Scaffold_8G580.1::Chromosome_5:1801583-1810092,1,31,624,653,UGUCCCAAACUUAUUCAAAUGAACGGAAUA,TTTTTTGACTTTTTTACACTTTTTGGGAT,0.958
com_Chromosome_8_752b-181-5p,ID=Hetgly01394.t1;Parent=Hetgly01394;Alias=mikado.Scaffold_8G2796.1::Chromosome_5:8767905-8769814,9,29,1333,1360,ACUUAUUCAAAUGAACGGAA,CGGCAAAGTCAGCAGCACAATTGGGAG,0.954
com_Chromosome_8_752b-181-5p,ID=Hetgly01394.t2;Parent=Hetgly01394;Alias=mikado.Scaffold_8G2796.2::Chromosome_5:8767905-8769814,9,29,1333,1360,ACUUAUUCAAAUGAACGGAA,CGGCAAAGTCAGCAGCACAATTGGGAG,0.954
com_Chromosome_8_752b-181-5p,ID=Hetgly02373.t1;Parent=Hetgly02373;Alias=mikado.Scaffold_8G4329.1::Chromosome_5:13390752-13401535,9,31,21,54,ACUUAUUCAAAUGAACGGAAUA,AATAATAATAATTAGTGACAAATTAATTGGGGC,0.918
com_Chromosome_8_752b-181-5p,ID=Hetgly02457.t1;Parent=Hetgly02457;Alias=mikado.Scaffold_8G4518.1::Chromosome_5:13936309-13940810,6,31,3336,3368,CAAACUUAUUCAAAUGAACGGAAUA,CTAAACGGTAATTAACTAATTAAAAGTGGGAC,0.948
com_Chromosome_8_752b-181-3p,ID=Hetgly02572.t1;Parent=Hetgly02572;Alias=mikado.Scaffold_8G4759.1::Chromosome_5:14887244-14919700,3,31,9941,9966,UAGUGAAUUUGAAUCGAUUUUGGACAAU,TGTTTTCAATAACAATGCTCACGAA,0.938
com_Chromosome_8_752b-181-5p,ID=Hetgly02848.t1;Parent=Hetgly02848;Alias=mikado.Scaffold_8G5229.1::Chromosome_5:16757185-16757924,16,29,371,398,CAAAUGAACGGAA,CAACCTATAAAAAACAAAAATTGGGAT,0.92
com_Chromosome_8_752b-181-5p,ID=Hetgly14292.t1;Parent=Hetgly14292;Alias=mikado.Scaffold_6G201.1::Chromosome_6:771362-781844,24,31,7337,7366,CGGAAUA,TAATTTAAAAAACAGACGGGAAATGGGAC,0.948
com_Chromosome_8_752b-181-5p,ID=Hetgly14316.t1;Parent=Hetgly14316;Alias=mikado.Scaffold_6G270.1::Chromosome_6:921323-922589,13,31,1,18,AUUCAAAUGAACGGAAUA,TTAAAACAGCTTAGGAC,0.944
com_Chromosome_8_752b-181-3p,ID=Hetgly14753.t1;Parent=Hetgly14753;Alias=mikado.Scaffold_6G1358.1::Chromosome_6:4522553-4579892,2,30,23616,23643,UUAGUGAAUUUGAAUCGAUUUUGGACAA,CTCGTACGCACTCTTCGCCTTCACCAA,0.94
com_Chromosome_8_752b-181-5p,ID=Hetgly15593.t1;Parent=Hetgly15593;Alias=mikado.Scaffold_6G2749.1::Chromosome_6:8923797-8966015,15,29,38004,38031,UCAAAUGAACGGAA,TTAAAAAGAGCAAAGACAAATTGGGAG,0.978
com_Chromosome_8_752b-181-3p,ID=Hetgly16789.t1;Parent=Hetgly16789;Alias=mikado.Scaffold_7G248.1::Chromosome_7:774328-777114,6,29,647,678,UGAAUUUGAAUCGAUUUUGGACA,AGATACTTAACATGACTAATTAACTCACTAT,0.972
com_Chromosome_8_752b-181-3p,ID=Hetgly16813.t1;Parent=Hetgly16813;Alias=mikado.Scaffold_7G327.1::Chromosome_7:1018004-1020478,6,29,501,532,UGAAUUUGAAUCGAUUUUGGACA,AGATACTTAACATGACTAATTAACTCACTAT,0.94
com_Chromosome_8_752b-181-3p,ID=Hetgly16815.t1;Parent=Hetgly16815;Alias=mikado.Scaffold_7G328.1::Chromosome_7:1037677-1041639,6,29,1910,1941,UGAAUUUGAAUCGAUUUUGGACA,AGATACTTAACATGACTAATTAACTCACTAT,0.972
com_Chromosome_8_752b-181-5p,ID=Hetgly17881.t1;Parent=Hetgly17881;Alias=mikado.Scaffold_7G2676.1::Chromosome_7:8357211-8370880,16,30,21,50,CAAAUGAACGGAAU,TAACCAAAATATAAAAGTTAATTAGGGAC,0.92
com_Chromosome_8_752b-181-5p,ID=Hetgly18139.t1;Parent=Hetgly18139;Alias=mikado.Scaffold_7G3095.1::Chromosome_7:9582722-9586340,2,30,924,951,GUCCCAAACUUAUUCAAAUGAACGGAAU,AATGGCAATTATTAAAATTGTAGGGAC,0.966
Chromosome_8_765a-235-5p,ID=Hetgly07091.t1;Parent=Hetgly07091;Alias=mikado.Scaffold_5G2943.1::Chromosome_1:12483020-12487079,1,28,1276,1299,AUUAUCCAACAUCCCUUAUUAGUUUAA,ATTACGAATAAAAACTTGGATAA,0.932
Chromosome_8_765a-235-5p,ID=Hetgly07345.t1;Parent=Hetgly07345;Alias=mikado.Scaffold_5G3346.1::Chromosome_1:13751663-13752667,1,28,597,616,AUUAUCCAACAUCCCUUAUUAGUUUAA,ATTAAAATAAAATGGGTAA,0.918
Chromosome_8_765a-235-5p,ID=Hetgly07955.t1;Parent=Hetgly07955;Alias=mikado.Scaffold_5G4353.1::Chromosome_1:17241330-17242745,2,29,1101,1126,UUAUCCAACAUCCCUUAUUAGUUUAAU,CTCACACAAACACTGAAATGGATAA,0.924
Chromosome_8_765a-235-5p,ID=Hetgly08513.t1;Parent=Hetgly08513;Alias=mikado.Scaffold_5G5476.1::Chromosome_1:21180960-21184875,5,29,1976,2005,UCCAACAUCCCUUAUUAGUUUAAU,AGCGAACGATTTTAAAAAATCCTGGGTAA,0.906
Chromosome_8_765a-235-5p,ID=Hetgly08547.t1;Parent=Hetgly08547;Alias=mikado.Scaffold_5G5499.1::Chromosome_1:21373743-21375655,21,28,1861,1888,AGUUUAA,CCCGTACAAAAAATATTACCTGGATAA,0.978
Chromosome_8_765a-235-3p,ID=Hetgly08623.t1;Parent=Hetgly08623;Alias=mikado.Scaffold_5G5704.1::Chromosome_1:21830047-21831969,1,22,1102,1122,UUAAAUAAUGAUGCAAUAAUU,ACTTTTTATAAAATTATTTA,0.916
Chromosome_8_765a-235-5p,ID=Hetgly08970.t1;Parent=Hetgly08970;Alias=mikado.Scaffold_1G39.1::Chromosome_2:260680-262289,1,28,555,583,AUUAUCCAACAUCCCUUAUUAGUUUAA,ATTCAAAATAAATCAAGAATTTGGAGAA,0.92
Chromosome_8_765a-235-5p,ID=Hetgly09384.t1;Parent=Hetgly09384;Alias=mikado.Scaffold_1G820.1::Chromosome_2:3094104-3127166,2,28,13707,13736,UUAUCCAACAUCCCUUAUUAGUUUAA,TTTAAAAAACAAGAGAAATTCATGGAAAA,0.922
Chromosome_8_765a-235-5p,ID=Hetgly10510.t1;Parent=Hetgly10510;Alias=mikado.Scaffold_1G2560.1::Chromosome_2:8142254-8143943,1,29,1529,1555,AUUAUCCAACAUCCCUUAUUAGUUUAAU,AATAAATAAAAAAAGAAAATGGAAAA,0.956
Chromosome_8_765a-235-5p,ID=Hetgly10516.t1;Parent=Hetgly10516;Alias=mikado.Scaffold_1G2568.1::Chromosome_2:8172917-8174666,1,29,1589,1615,AUUAUCCAACAUCCCUUAUUAGUUUAAU,AATAAATAAAAAAAGAAAATGGAAAA,0.956
Chromosome_8_765a-235-5p,ID=Hetgly10647.t1;Parent=Hetgly10647;Alias=mikado.Scaffold_1G2772.1::Chromosome_2:8987468-9047672,1,29,17200,17231,AUUAUCCAACAUCCCUUAUUAGUUUAAU,AATGAGAAAATGACAAATTTAAAATGGGTAA,0.938
Chromosome_8_765a-235-3p,ID=Hetgly11005.t1;Parent=Hetgly11005;Alias=mikado.Scaffold_1G3730.1::Chromosome_2:12683758-12731838,6,21,29787,29810,UAAUGAUGCAAUAAU,TTCATTTTCATTAATTTTATTTA,0.954
Chromosome_8_765a-235-5p,ID=Hetgly04760.t1;Parent=Hetgly04760;Alias=mikado.Scaffold_3G3790.1::Chromosome_3:13463609-13533647,4,28,36558,36581,AUCCAACAUCCCUUAUUAGUUUAA,AGCAGACAAAAAAGCATGGGTAA,0.944
Chromosome_8_765a-235-5p,ID=Hetgly05069.t1;Parent=Hetgly05069;Alias=mikado.Scaffold_3G4389.1::Chromosome_3:15112630-15158773,2,28,42743,42765,UUAUCCAACAUCCCUUAUUAGUUUAA,TTTAAGCACAAAAAATGGATAA,0.926
Chromosome_8_765a-235-3p,ID=Hetgly05630.t1;Parent=Hetgly05630;Alias=mikado.Scaffold_3G5463.1::Chromosome_3:19637200-19642976,2,21,1438,1457,UAAAUAAUGAUGCAAUAAU,CAATATCTCCAATTATTTA,0.912
Chromosome_8_765a-235-5p,ID=Hetgly12645.t1;Parent=Hetgly12645;Alias=mikado.Scaffold_4G1915.1::Chromosome_4:7162161-7216054,1,28,4832,4857,AUUAUCCAACAUCCCUUAUUAGUUUAA,ATGGATCAAATGAAATAATGGGTAA,0.974
Chromosome_8_765a-235-5p,ID=Hetgly00173.t1;Parent=Hetgly00173;Alias=mikado.Scaffold_8G303.1::Chromosome_5:796978-827845,3,29,28218,28245,UAUCCAACAUCCCUUAUUAGUUUAAU,CGTAATTTATAAAAAAAAATTGGGTAA,0.914
Chromosome_8_765a-235-3p,ID=Hetgly01341.t1;Parent=Hetgly01341;Alias=mikado.Scaffold_8G2725.1::Chromosome_5:8530105-8538994,1,22,2701,2722,UUAAAUAAUGAUGCAAUAAUU,AATTTTTTTTTACTTTATTTA,0.908
Chromosome_8_765a-235-3p,ID=Hetgly02601.t1;Parent=Hetgly02601;Alias=mikado.Scaffold_8G4757.1::Chromosome_5:15132407-15164029,2,21,16096,16113,UAAAUAAUGAUGCAAUAAU,TATTATTACATTATTTA,0.91
Chromosome_8_765a-235-5p,ID=Hetgly02645.t1;Parent=Hetgly02645;Alias=mikado.Scaffold_8G4910.1::Chromosome_5:15555182-15574454,5,29,17272,17294,UCCAACAUCCCUUAUUAGUUUAAU,CCATAACTTAAATCATGGATAA,0.928
Chromosome_8_765a-235-5p,ID=Hetgly02658.t1;Parent=Hetgly02658;Alias=mikado.Scaffold_8G4925.1::Chromosome_5:15635701-15638296,3,28,646,687,UAUCCAACAUCCCUUAUUAGUUUAA,GGTAAAAAGAAGGCAATTATTGTTGAAGACCAAATGGATAA,0.928
Chromosome_8_765a-235-5p,ID=Hetgly14208.t1;Parent=Hetgly14208;Alias=mikado.Scaffold_6G3.1::Chromosome_6:1-51215,1,28,23705,23728,AUUAUCCAACAUCCCUUAUUAGUUUAA,ATCGAACAAAATTAAATGGATAA,0.962
Chromosome_8_765a-235-5p,ID=Hetgly14321.t1;Parent=Hetgly14321;Alias=mikado.Scaffold_6G273.1::Chromosome_6:943905-948299,3,29,1230,1264,UAUCCAACAUCCCUUAUUAGUUUAAU,TGTAATTTGATAATGAATTTTTTTAATTGGATAA,0.942
Chromosome_8_765a-235-5p,ID=Hetgly15158.t1;Parent=Hetgly15158;Alias=mikado.Scaffold_6G2123.1::Chromosome_6:6982627-6986575,21,28,535,562,AGUUUAA,ATCGCGCGGCGAGAATTAAATGGATAA,0.94
Chromosome_8_765a-235-3p,ID=Hetgly21493.t1;Parent=Hetgly21493;Alias=mikado.Scaffold_2G1843.1::Chromosome_8:7488442-7490283,1,21,835,855,UUAAAUAAUGAUGCAAUAAU,AATATTTATAACATTATTTA,0.906
Chromosome_8_767a-187-3p,ID=Hetgly07877.t1;Parent=Hetgly07877;Alias=mikado.Scaffold_5G4229.1::Chromosome_1:16563786-16568527,1,22,4293,4316,UUUUGAAAAAGUGAAUAAAAU,ATTTCCCCGTTCTTTTTTTCAGA,0.934
Chromosome_8_767a-187-3p,ID=Hetgly07978.t1;Parent=Hetgly07978;Alias=mikado.Scaffold_5G4411.1::Chromosome_1:17373965-17412283,14,22,7045,7065,AAUAAAAU,CAAAACCAGGAACTTTCAAA,0.936
Chromosome_8_767a-187-3p,ID=Hetgly08320.t1;Parent=Hetgly08320;Alias=mikado.Scaffold_5G5175.1::Chromosome_1:19836761-19893736,9,21,18599,18619,AAGUGAAUAAAA,GGAGCAACCCCATTTTCAAA,0.928
Chromosome_8_767a-187-3p,ID=Hetgly09456.t1;Parent=Hetgly09456;Alias=mikado.Scaffold_1G983.1::Chromosome_2:3569466-3574090,5,22,2303,2325,GAAAAAGUGAAUAAAAU,GGGCTAGTAATTAAATTTCAAA,0.946
Chromosome_8_767a-187-3p,ID=Hetgly10721.t1;Parent=Hetgly10721;Alias=mikado.Scaffold_1G2993.1::Chromosome_2:9872691-9876009,6,21,2479,2504,AAAAAGUGAAUAAAA,CAACAACTCAATTATAAATTTCAAA,0.94
Chromosome_8_767a-187-3p,ID=Hetgly10774.t1;Parent=Hetgly10774;Alias=mikado.Scaffold_1G3133.1::Chromosome_2:10354448-10414367,1,22,45551,45573,UUUUGAAAAAGUGAAUAAAAU,ATTCTTAAAAAATCCTTTCAAA,0.936
Chromosome_8_767a-187-3p,ID=Hetgly10786.t1;Parent=Hetgly10786;Alias=mikado.Scaffold_1G3118.1::Chromosome_2:10399463-10403137,1,22,536,558,UUUUGAAAAAGUGAAUAAAAU,ATTCTTAAAAAATCCTTTCAAA,0.936
Chromosome_8_767a-187-3p,ID=Hetgly11667.t1;Parent=Hetgly11667;Alias=mikado.Scaffold_1G5995.1::Chromosome_2:21777555-21783976,14,22,2563,2583,AAUAAAAU,CTGCAAAATAAAATTTCAAA,0.928
Chromosome_8_767a-187-3p,ID=Hetgly02975.t1;Parent=Hetgly02975;Alias=mikado.Scaffold_3G333.1::Chromosome_3:1235734-1252780,9,20,6529,6549,AAGUGAAUAAA,AATTCCGACACTTTTTCAAT,0.934
Chromosome_8_767a-187-3p,ID=Hetgly04490.t1;Parent=Hetgly04490;Alias=mikado.Scaffold_3G3275.1::Chromosome_3:12158861-12220844,9,22,44347,44370,AAGUGAAUAAAAU,ATGGCCACCAATTAAATTTCAAA,0.94
Chromosome_8_767a-187-3p,ID=Hetgly05069.t1;Parent=Hetgly05069;Alias=mikado.Scaffold_3G4389.1::Chromosome_3:15112630-15158773,14,22,10419,10439,AAUAAAAU,CGATCTAAAAAAATTTCAAA,0.934
Chromosome_8_767a-187-3p,ID=Hetgly05887.t1;Parent=Hetgly05887;Alias=mikado.Scaffold_3G5985.1::Chromosome_3:21579014-21581218,2,21,1761,1777,UUUGAAAAAGUGAAUAAAA,GTTTTTTTCTTTCAAA,0.95
Chromosome_8_767a-187-3p,ID=Hetgly13523.t1;Parent=Hetgly13523;Alias=mikado.Scaffold_4G3223.1::Chromosome_4:11223010-11243614,14,22,9032,9052,AAUAAAAU,AAGTGCAAAAAAATTTCAAA,0.93
Chromosome_8_767a-187-3p,ID=Hetgly13618.t1;Parent=Hetgly13618;Alias=mikado.Scaffold_4G3494.1::Chromosome_4:11801261-11851266,14,22,42814,42834,AAUAAAAU,AAAGTGCAAAAAATTTCAAA,0.936
Chromosome_8_767a-187-3p,ID=Hetgly00405.t1;Parent=Hetgly00405;Alias=mikado.Scaffold_8G873.1::Chromosome_5:2644732-2715306,9,20,55598,55618,AAGUGAAUAAA,AAAAATACCGCTTTTTCAAT,0.94
Chromosome_8_767a-187-5p,ID=Hetgly02045.t1;Parent=Hetgly02045;Alias=mikado.Scaffold_8G3747.1::Chromosome_5:11606104-11614758,5,22,2619,2639,UUAAGUUUUUCAAAAGU,CCGATTTACGCGCTTAATAA,0.95
Chromosome_8_767a-187-3p,ID=Hetgly02485.t1;Parent=Hetgly02485;Alias=mikado.Scaffold_8G4480.1::Chromosome_5:14109295-14112779,6,22,2105,2129,AAAAAGUGAAUAAAAU,CAAAAATTCCCCAAAAATTTCAAA,0.94
Chromosome_8_767a-187-3p,ID=Hetgly02601.t1;Parent=Hetgly02601;Alias=mikado.Scaffold_8G4757.1::Chromosome_5:15132407-15164029,3,21,13497,13517,UUGAAAAAGUGAAUAAAA,CATTCATTCACATTTTCAAA,0.936
Chromosome_8_767a-187-3p,ID=Hetgly02766.t1;Parent=Hetgly02766;Alias=mikado.Scaffold_8G5104.1::Chromosome_5:16214040-16215650,2,21,498,516,UUUGAAAAAGUGAAUAAAA,GTTGTCTTCCCTTTCAAA,0.93
Chromosome_8_767a-187-3p,ID=Hetgly14404.t1;Parent=Hetgly14404;Alias=mikado.Scaffold_6G445.1::Chromosome_6:1617402-1623993,7,22,4315,4335,AAAAGUGAAUAAAAU,CTAGCCTACAAAATTTCAAA,0.934
Chromosome_8_767a-187-3p,ID=Hetgly14487.t1;Parent=Hetgly14487;Alias=mikado.Scaffold_6G559.1::Chromosome_6:2318266-2330231,3,22,8643,8671,UUGAAAAAGUGAAUAAAAU,CCTTTGTTAGCCCTTAAAAAATTTCAAA,0.94
Chromosome_8_767a-187-3p,ID=Hetgly14753.t1;Parent=Hetgly14753;Alias=mikado.Scaffold_6G1358.1::Chromosome_6:4522553-4579892,2,20,43209,43229,UUUGAAAAAGUGAAUAAA,TTCTTACCCATTTTTTCAAC,0.93
Chromosome_8_767a-187-3p,ID=Hetgly14765.t1;Parent=Hetgly14765;Alias=mikado.Scaffold_6G1356.1::Chromosome_6:4562019-4581007,2,20,3743,3763,UUUGAAAAAGUGAAUAAA,TTCTTACCCATTTTTTCAAC,0.93
Chromosome_8_767a-187-3p,ID=Hetgly18590.t1;Parent=Hetgly18590;Alias=mikado.Scaffold_7G3825.1::Chromosome_7:12149496-12191907,5,21,39327,39347,GAAAAAGUGAAUAAAA,CCAATTTTCTCTTTTTCGAA,0.938
Chromosome_8_767a-187-3p,ID=Hetgly20749.t1;Parent=Hetgly20749;Alias=mikado.Scaffold_2G85.1::Chromosome_8:646109-647487,14,22,1303,1323,AAUAAAAU,GAGCATCGAAAACTTTCAAA,0.934
com_Chromosome_8_767b-213-3p,ID=Hetgly06892.t1;Parent=Hetgly06892;Alias=mikado.Scaffold_5G2619.1::Chromosome_1:11537484-11539665,1,22,1294,1324,AACUUUUGAAAAACUUAAUAA,TTTCGCTCAGTTACTCTCCCATTCAAAAGA,0.95
com_Chromosome_8_767b-213-3p,ID=Hetgly07643.t1;Parent=Hetgly07643;Alias=mikado.Scaffold_5G3636.1::Chromosome_1:15322986-15328042,8,23,3741,3765,GAAAAACUUAAUAAA,TCGAAGAAAATTTCCACCAAAAGT,0.956
com_Chromosome_8_767b-213-3p,ID=Hetgly08320.t1;Parent=Hetgly08320;Alias=mikado.Scaffold_5G5175.1::Chromosome_1:19836761-19893736,9,23,29824,29846,AAAAACUUAAUAAA,AACCCACGAATTGTCCAAAAGT,0.954
com_Chromosome_8_767b-213-3p,ID=Hetgly08659.t1;Parent=Hetgly08659;Alias=mikado.Scaffold_5G5765.1::Chromosome_1:22053881-22084985,7,22,1329,1354,UGAAAAACUUAAUAA,ACTCCATAATTTTTCTCTCAAAAGC,0.952
com_Chromosome_8_767b-213-3p,ID=Hetgly08718.t1;Parent=Hetgly08718;Alias=mikado.Scaffold_5G5875.1::Chromosome_1:22591756-22597554,2,23,536,561,ACUUUUGAAAAACUUAAUAAA,GTTTGTTTCCATTTCCATCAAAAGT,0.95
com_Chromosome_8_767b-213-3p,ID=Hetgly04218.t1;Parent=Hetgly04218;Alias=mikado.Scaffold_3G3067.1::Chromosome_3:10894772-10957169,16,23,37021,37043,UAAUAAA,TTAAATCCCCCCACCCAAAAGT,0.954
com_Chromosome_8_767b-213-3p,ID=Hetgly04375.t1;Parent=Hetgly04375;Alias=mikado.Scaffold_3G3207.1::Chromosome_3:11625858-11699575,16,23,41314,41336,UAAUAAA,CAAGTTGCAAATCCCCAAAAGT,0.956
com_Chromosome_8_767b-213-3p,ID=Hetgly04490.t1;Parent=Hetgly04490;Alias=mikado.Scaffold_3G3275.1::Chromosome_3:12158861-12220844,1,23,28227,28248,AACUUUUGAAAAACUUAAUAAA,TTATTTTAATCTCTCAAAAGT,0.956
com_Chromosome_8_767b-213-3p,ID=Hetgly04760.t1;Parent=Hetgly04760;Alias=mikado.Scaffold_3G3790.1::Chromosome_3:13463609-13533647,15,23,39904,39926,UUAAUAAA,AACGAAAACCCGAGTCAAAAGT,0.954
com_Chromosome_8_767b-213-3p,ID=Hetgly13078.t1;Parent=Hetgly13078;Alias=mikado.Scaffold_4G2174.1::Chromosome_4:9284287-9285233,2,24,430,451,ACUUUUGAAAAACUUAAUAAAA,CTTTATAATAAAATCAAAGGT,0.96
com_Chromosome_8_767b-213-3p,ID=Hetgly13481.t1;Parent=Hetgly13481;Alias=mikado.Scaffold_4G3199.1::Chromosome_4:11022248-11027646,16,23,1807,1829,UAAUAAA,AATGCATCAAAAGACCAAAAGT,0.976
com_Chromosome_8_767b-213-3p,ID=Hetgly13505.t1;Parent=Hetgly13505;Alias=mikado.Scaffold_4G3072.1::Chromosome_4:11132884-11134217,2,22,734,759,ACUUUUGAAAAACUUAAUAA,ATTAATTGGAAAGACTAACAAAAGG,0.952
com_Chromosome_8_767b-213-3p,ID=Hetgly13556.t1;Parent=Hetgly13556;Alias=mikado.Scaffold_4G3388.1::Chromosome_4:11421343-11422969,15,23,208,230,UUAAUAAA,TTGCCACTAAATCATCAAAAGT,0.96
com_Chromosome_8_767b-213-3p,ID=Hetgly00405.t1;Parent=Hetgly00405;Alias=mikado.Scaffold_8G873.1::Chromosome_5:2644732-2715306,16,23,8197,8219,UAAUAAA,CCGCCCATTTCCAACCAAAAGT,0.956
com_Chromosome_8_767b-213-3p,ID=Hetgly02045.t1;Parent=Hetgly02045;Alias=mikado.Scaffold_8G3747.1::Chromosome_5:11606104-11614758,2,23,4153,4180,ACUUUUGAAAAACUUAAUAAA,GTTGATTTCATTTTCCGCATCAAAAGT,0.956
com_Chromosome_8_767b-213-3p,ID=Hetgly02504.t1;Parent=Hetgly02504;Alias=mikado.Scaffold_8G4492.1::Chromosome_5:14246143-14254607,16,23,2966,2988,UAAUAAA,CGCCACAAAAACTCACAAAAGT,0.958
com_Chromosome_8_767b-213-3p,ID=Hetgly02601.t1;Parent=Hetgly02601;Alias=mikado.Scaffold_8G4757.1::Chromosome_5:15132407-15164029,2,23,9679,9703,ACUUUUGAAAAACUUAAUAAA,CTATTTTAATTCTAACCCAAAAGT,0.958
com_Chromosome_8_767b-213-3p,ID=Hetgly02624.t1;Parent=Hetgly02624;Alias=mikado.Scaffold_8G4882.1::Chromosome_5:15410579-15411790,16,23,879,901,UAAUAAA,AGCATAATGAAATCCCAAAAGT,0.954
com_Chromosome_8_767b-213-3p,ID=Hetgly02697.t1;Parent=Hetgly02697;Alias=mikado.Scaffold_8G5001.1::Chromosome_5:15822404-15893702,16,23,60468,60490,UAAUAAA,TGGTTCCTCGAAAAGCAAAAGT,0.966
com_Chromosome_8_767b-213-3p,ID=Hetgly02741.t1;Parent=Hetgly02741;Alias=mikado.Scaffold_8G5057.1::Chromosome_5:16092476-16097930,16,24,1555,1577,UAAUAAAA,GTTTAAATTCAAAACCAAAAGT,0.952
com_Chromosome_8_767b-213-3p,ID=Hetgly14990.t1;Parent=Hetgly14990;Alias=mikado.Scaffold_6G1800.1::Chromosome_6:6037881-6047547,14,23,2329,2351,CUUAAUAAA,GCCTCCGTCACCCTCCAAAAGT,0.97
com_Chromosome_8_767b-213-3p,ID=Hetgly17256.t1;Parent=Hetgly17256;Alias=mikado.Scaffold_7G1379.1::Chromosome_7:4292182-4294348,2,24,313,344,ACUUUUGAAAAACUUAAUAAAA,CTTAATTAAATATTATTTCTCGCTCAAAAGT,0.954
com_Chromosome_8_767b-213-3p,ID=Hetgly17881.t1;Parent=Hetgly17881;Alias=mikado.Scaffold_7G2676.1::Chromosome_7:8357211-8370880,9,24,13017,13039,AAAAACUUAAUAAAA,TCCTCTACAGCATATCAAAAGT,0.966
com_Chromosome_8_767b-213-3p,ID=Hetgly18692.t1;Parent=Hetgly18692;Alias=mikado.Scaffold_7G4075.1::Chromosome_7:12670311-12675329,7,22,730,750,UGAAAAACUUAAUAA,CGGGCGTAATTATCAAAAGA,0.956
com_Chromosome_8_767b-213-3p,ID=Hetgly18693.t1;Parent=Hetgly18693;Alias=mikado.Scaffold_7G4076.1::Chromosome_7:12675247-12683149,7,22,202,222,UGAAAAACUUAAUAA,CGGGCGTAATTATCAAAAGA,0.956
com_Chromosome_8_767b-213-3p,ID=Hetgly19368.t1;Parent=Hetgly19368;Alias=mikado.Scaffold_9G1138.1::Chromosome_9:3640404-3701676,3,22,57351,57373,CUUUUGAAAAACUUAAUAA,GATTAATAATATGACCAAAAGG,0.954
com_Chromosome_8_768b-64-5p,ID=Hetgly07819.t1;Parent=Hetgly07819;Alias=mikado.Scaffold_5G4140.1::Chromosome_1:16264727-16265656,23,30,310,339,UUUUAUU,TTTGTTCTTCTCTTTCCGCTCCTTTTTCC,0.972
com_Chromosome_8_768b-64-5p,ID=Hetgly08159.t1;Parent=Hetgly08159;Alias=mikado.Scaffold_5G4810.1::Chromosome_1:18637227-18693249,23,30,7315,7344,UUUUAUU,CTTTTCTTGTCTCTCCTCTTGCTTTTTCC,0.978
com_Chromosome_8_768b-64-5p,ID=Hetgly08320.t1;Parent=Hetgly08320;Alias=mikado.Scaffold_5G5175.1::Chromosome_1:19836761-19893736,23,30,11591,11620,UUUUAUU,GCACCCCCTTCCACTTTTCCTTTTTTTCC,0.974
com_Chromosome_8_768b-64-5p,ID=Hetgly09959.t1;Parent=Hetgly09959;Alias=mikado.Scaffold_1G1703.1::Chromosome_2:5679565-5681577,20,30,1860,1889,UUGUUUUAUU,TCCCCCACCCCCCCCCCCCAATTTTTTCC,0.974
com_Chromosome_8_768b-64-5p,ID=Hetgly10788.t1;Parent=Hetgly10788;Alias=mikado.Scaffold_1G3120.1::Chromosome_2:10410855-10418488,9,31,4132,4158,UUUUCCAGUUUUUGUUUUAUUU,TTTTTTTCCAATATTTGTGTTTTTCC,0.976
com_Chromosome_8_768b-64-5p,ID=Hetgly03942.t1;Parent=Hetgly03942;Alias=mikado.Scaffold_3G2519.1::Chromosome_3:9374048-9400037,22,30,8026,8055,GUUUUAUU,CCCTCTTTTTGCTTTTCCCTCATTTTTCC,0.968
com_Chromosome_8_768b-64-5p,ID=Hetgly04115.t1;Parent=Hetgly04115;Alias=mikado.Scaffold_3G2882.1::Chromosome_3:10405234-10407483,23,30,1626,1655,UUUUAUU,TTTTCCCTTTGTCATTCGCTTCTTTTTCC,0.976
com_Chromosome_8_768b-64-5p,ID=Hetgly04218.t1;Parent=Hetgly04218;Alias=mikado.Scaffold_3G3067.1::Chromosome_3:10894772-10957169,22,30,44070,44099,GUUUUAUU,TGGACTTTTCCCGGTCTTTTCATTTTTCC,0.966
com_Chromosome_8_768b-64-5p,ID=Hetgly04403.t1;Parent=Hetgly04403;Alias=mikado.Scaffold_3G3227.1::Chromosome_3:11726706-11727978,22,31,216,245,GUUUUAUUU,TTTCTCCTCTCACTTTTTTTCATTTTTCC,0.968
com_Chromosome_8_768b-64-5p,ID=Hetgly04490.t1;Parent=Hetgly04490;Alias=mikado.Scaffold_3G3275.1::Chromosome_3:12158861-12220844,23,30,20803,20832,UUUUAUU,TTTTTCTTTCTCCTTTTGTGCCTTTTTCC,0.972
com_Chromosome_8_768b-64-5p,ID=Hetgly04826.t1;Parent=Hetgly04826;Alias=mikado.Scaffold_3G3836.1::Chromosome_3:13802696-13859764,23,30,4368,4397,UUUUAUU,TAAGTGTCATTTGTCCGTTTGTTTTTTCC,0.976
com_Chromosome_8_768b-64-5p,ID=Hetgly05203.t1;Parent=Hetgly05203;Alias=mikado.Scaffold_3G4606.1::Chromosome_3:15954155-15956680,21,30,868,897,UGUUUUAUU,GCCCATCACCCTCCCCTCCCACTTTTTCC,0.97
com_Chromosome_8_768b-64-5p,ID=Hetgly05938.t1;Parent=Hetgly05938;Alias=mikado.Scaffold_3G6071.1::Chromosome_3:21952867-21954460,23,30,405,434,UUUUAUU,CAGCCTCGCTCTCGTCATGTTTTTTTTCC,0.966
com_Chromosome_8_768b-64-5p,ID=Hetgly12645.t1;Parent=Hetgly12645;Alias=mikado.Scaffold_4G1915.1::Chromosome_4:7162161-7216054,23,30,45432,45461,UUUUAUU,AATTTAATTTGACTTTTCTTCCTTTTTCC,0.978
com_Chromosome_8_768b-64-5p,ID=Hetgly00173.t1;Parent=Hetgly00173;Alias=mikado.Scaffold_8G303.1::Chromosome_5:796978-827845,11,30,6271,6297,UUCCAGUUUUUGUUUUAUU,TCATATTTTTAAAATTATTTTTTTCC,0.972
com_Chromosome_8_768b-64-5p,ID=Hetgly00354.t1;Parent=Hetgly00354;Alias=mikado.Scaffold_8G721.1::Chromosome_5:2208522-2250033,3,31,9955,9982,GAAAAAUUUUCCAGUUUUUGUUUUAUUU,TCATAATTATCTCCATCTCGTTTTTCC,0.972
com_Chromosome_8_768b-64-5p,ID=Hetgly00363.t1;Parent=Hetgly00363;Alias=mikado.Scaffold_8G728.1::Chromosome_5:2255313-2262401,3,31,2296,2323,GAAAAAUUUUCCAGUUUUUGUUUUAUUU,TCATAATTATCTCCATCTCGTTTTTCC,0.972
com_Chromosome_8_768b-64-5p,ID=Hetgly00431.t1;Parent=Hetgly00431;Alias=mikado.Scaffold_8G890.1::Chromosome_5:2829753-2832088,23,30,1898,1927,UUUUAUU,GAATCCTAATTTTCCGTCTCTCTTTTTCC,0.968
com_Chromosome_8_768b-64-5p,ID=Hetgly02045.t1;Parent=Hetgly02045;Alias=mikado.Scaffold_8G3747.1::Chromosome_5:11606104-11614758,19,30,3603,3632,UUUGUUUUAUU,TCAATTGTCCATCCCATTAATCTTTTTCC,0.976
com_Chromosome_8_768b-64-5p,ID=Hetgly14449.t1;Parent=Hetgly14449;Alias=mikado.Scaffold_6G483.1::Chromosome_6:2073408-2082435,23,30,4767,4796,UUUUAUU,TGATTTTTTCACCCCCCCCCCCTTTTTCC,0.972
com_Chromosome_8_768b-64-5p,ID=Hetgly15132.t1;Parent=Hetgly15132;Alias=mikado.Scaffold_6G2102.1::Chromosome_6:6803005-6811329,12,31,3482,3511,UCCAGUUUUUGUUUUAUUU,CGCTCTTTTTTAATTTGTCCCATTTTTCC,0.966
com_Chromosome_8_768b-64-5p,ID=Hetgly15593.t1;Parent=Hetgly15593;Alias=mikado.Scaffold_6G2749.1::Chromosome_6:8923797-8966015,23,30,4610,4639,UUUUAUU,CTCTCTCTAATCCCCCCCCCCCTTTTTCC,0.97
com_Chromosome_8_768b-64-5p,ID=Hetgly17682.t1;Parent=Hetgly17682;Alias=mikado.Scaffold_7G2325.1::Chromosome_7:7316343-7317560,23,30,729,758,UUUUAUU,TCTTTTTTCTCTTAACCTCCCCTTTTTCC,0.966
com_Chromosome_8_768b-64-5p,ID=Hetgly20695.t1;Parent=Hetgly20695;Alias=mikado.Scaffold_2G134.1::Chromosome_8:172612-183989,23,30,9574,9603,UUUUAUU,CCGCTCCCTTAATCTTCACCTTTTTTTCC,0.976
com_Chromosome_8_768b-64-5p,ID=Hetgly21869.t1;Parent=Hetgly21869;Alias=mikado.Scaffold_2G2458.1::Chromosome_8:9161519-9167909,4,30,5704,5739,AAAAAUUUUCCAGUUUUUGUUUUAUU,CGCTAACTCCAAATTTATCGCAAGTCTCTTTTTCC,0.968
com_Chromosome_8_768b-64-5p,ID=Hetgly19298.t1;Parent=Hetgly19298;Alias=mikado.Scaffold_9G1024.1::Chromosome_9:3202005-3210727,22,30,4323,4352,GUUUUAUU,TCGCCGGTTTCTCGTCACTCCATTTTTCC,0.972
com_Chromosome_8_991b-140-3p,ID=Hetgly06153.t1;Parent=Hetgly06153;Alias=mikado.Scaffold_5G412.1::Chromosome_1:2902816-2914508,4,18,1298,1316,GAAAAAUUUGCUUG,AAAAAAAAAAATTTTCGC,0.95
com_Chromosome_8_991b-140-3p,ID=Hetgly07948.t1;Parent=Hetgly07948;Alias=mikado.Scaffold_5G4349.1::Chromosome_1:17169212-17235898,9,20,27410,27428,AUUUGCUUGAA,CATTATTTATTTTTTCGG,0.962
com_Chromosome_8_991b-140-3p,ID=Hetgly08159.t1;Parent=Hetgly08159;Alias=mikado.Scaffold_5G4810.1::Chromosome_1:18637227-18693249,2,19,39253,39269,CCGAAAAAUUUGCUUGA,GTTAAAATTTTTTCGG,0.936
com_Chromosome_8_991b-140-3p,ID=Hetgly08163.t1;Parent=Hetgly08163;Alias=mikado.Scaffold_5G4802.2::Chromosome_1:18646488-18684297,2,19,29992,30008,CCGAAAAAUUUGCUUGA,GTTAAAATTTTTTCGG,0.936
com_Chromosome_8_991b-140-3p,ID=Hetgly08163.t2;Parent=Hetgly08163;Alias=mikado.Scaffold_5G4802.1::Chromosome_1:18646488-18684297,2,19,29992,30008,CCGAAAAAUUUGCUUGA,GTTAAAATTTTTTCGG,0.936
com_Chromosome_8_991b-140-3p,ID=Hetgly08547.t1;Parent=Hetgly08547;Alias=mikado.Scaffold_5G5499.1::Chromosome_1:21373743-21375655,1,20,1180,1194,UCCGAAAAAUUUGCUUGAA,TTTAAAAATTTCGG,0.932
com_Chromosome_8_991b-140-5p,ID=Hetgly08741.t1;Parent=Hetgly08741;Alias=mikado.Scaffold_5G6026.1::Chromosome_1:22704625-22711126,1,29,4221,4259,UUAUAAAAGGUCAGGCGACAAAUUUUGG,TTTAAAAAATTGACTAACCCATAACCGTAATTTTTATC,0.956
com_Chromosome_8_991b-140-5p,ID=Hetgly08741.t2;Parent=Hetgly08741;Alias=mikado.Scaffold_5G6026.2::Chromosome_1:22705093-22711186,1,29,3753,3791,UUAUAAAAGGUCAGGCGACAAAUUUUGG,TTTAAAAAATTGACTAACCCATAACCGTAATTTTTATC,0.956
com_Chromosome_8_991b-140-3p,ID=Hetgly10774.t1;Parent=Hetgly10774;Alias=mikado.Scaffold_1G3133.1::Chromosome_2:10354448-10414367,11,20,7863,7881,UUGCUUGAA,ACTATCTCTTTTTTTCGG,0.98
com_Chromosome_8_991b-140-3p,ID=Hetgly11639.t1;Parent=Hetgly11639;Alias=mikado.Scaffold_1G5950.1::Chromosome_2:21575093-21584356,13,20,3242,3260,GCUUGAA,ATATTAAAAAAGTTTCGG,0.932
com_Chromosome_8_991b-140-3p,ID=Hetgly03010.t1;Parent=Hetgly03010;Alias=mikado.Scaffold_3G437.1::Chromosome_3:1638251-1650264,1,19,10337,10354,UCCGAAAAAUUUGCUUGA,TTTAAATACATTTTCGG,0.95
com_Chromosome_8_991b-140-3p,ID=Hetgly03018.t1;Parent=Hetgly03018;Alias=mikado.Scaffold_3G460.1::Chromosome_3:1693198-1696620,1,19,1775,1792,UCCGAAAAAUUUGCUUGA,TTTAAATACATTTTCGG,0.95
com_Chromosome_8_991b-140-3p,ID=Hetgly03796.t1;Parent=Hetgly03796;Alias=mikado.Scaffold_3G2416.1::Chromosome_3:8462152-8463783,13,20,448,466,GCUUGAA,ATTTTAATATACTTTCGG,0.936
com_Chromosome_8_991b-140-3p,ID=Hetgly04218.t1;Parent=Hetgly04218;Alias=mikado.Scaffold_3G3067.1::Chromosome_3:10894772-10957169,1,18,1011,1027,UCCGAAAAAUUUGCUUG,TCCGACCATTTTTCGT,0.938
com_Chromosome_8_991b-140-3p,ID=Hetgly04826.t1;Parent=Hetgly04826;Alias=mikado.Scaffold_3G3836.1::Chromosome_3:13802696-13859764,1,19,22212,22228,UCCGAAAAAUUUGCUUGA,TTTAGACATTTTTTGG,0.948
com_Chromosome_8_991b-140-3p,ID=Hetgly13615.t1;Parent=Hetgly13615;Alias=mikado.Scaffold_4G3493.1::Chromosome_4:11787360-11814302,1,19,4909,4926,UCCGAAAAAUUUGCUUGA,TTCAAAATTCTTTTCGG,0.944
com_Chromosome_8_991b-140-3p,ID=Hetgly02212.t1;Parent=Hetgly02212;Alias=mikado.Scaffold_8G4019.1::Chromosome_5:12438295-12449090,4,20,8273,8288,GAAAAAUUUGCUUGAA,AAAAAACAATTTCGG,0.948
com_Chromosome_8_991b-140-3p,ID=Hetgly02373.t1;Parent=Hetgly02373;Alias=mikado.Scaffold_8G4329.1::Chromosome_5:13390752-13401535,12,19,829,847,UGCUUGA,CCTGTTTTCTATTTTCGG,0.96
com_Chromosome_8_991b-140-3p,ID=Hetgly02388.t1;Parent=Hetgly02388;Alias=mikado.Scaffold_8G4340.1::Chromosome_5:13543709-13559005,12,19,831,849,UGCUUGA,CCTGTTTTCTATTTTCGG,0.96
com_Chromosome_8_991b-140-3p,ID=Hetgly02492.t1;Parent=Hetgly02492;Alias=mikado.Scaffold_8G4547.1::Chromosome_5:14162981-14167739,11,20,1662,1680,UUGCUUGAA,TATTTTTACTTTTTTCGG,0.958
com_Chromosome_8_991b-140-3p,ID=Hetgly02697.t1;Parent=Hetgly02697;Alias=mikado.Scaffold_8G5001.1::Chromosome_5:15822404-15893702,1,19,38465,38486,UCCGAAAAAUUUGCUUGA,TTCGATTTACTCACTTTTCGG,0.974
com_Chromosome_8_991b-140-3p,ID=Hetgly15148.t1;Parent=Hetgly15148;Alias=mikado.Scaffold_6G2117.1::Chromosome_6:6930791-6938240,11,19,3187,3205,UUGCUUGA,CCCTTTTTTCTTTTTCGG,0.968
com_Chromosome_8_991b-140-3p,ID=Hetgly15162.t1;Parent=Hetgly15162;Alias=mikado.Scaffold_6G2040.1::Chromosome_6:6994265-6995279,11,19,51,69,UUGCUUGA,CCCCCCCCCCTTTTTCGG,0.974
com_Chromosome_8_991b-140-3p,ID=Hetgly21000.t1;Parent=Hetgly21000;Alias=mikado.Scaffold_2G810.1::Chromosome_8:3672787-3678891,11,19,1293,1311,UUGCUUGA,AACATCACTTTTTTTCGG,0.958
com_Chromosome_8_991b-140-3p,ID=Hetgly21017.t1;Parent=Hetgly21017;Alias=mikado.Scaffold_2G822.1::Chromosome_8:3811906-3859658,11,19,7792,7810,UUGCUUGA,AACATCACTTTTTTTCGG,0.958
com_Chromosome_8_991b-140-3p,ID=Hetgly21518.t1;Parent=Hetgly21518;Alias=mikado.Scaffold_2G1894.1::Chromosome_8:7632202-7633240,12,19,472,490,UGCUUGA,CATTCCCTTCATTTTCGG,0.956
Chromosome_8_1080a-253-3p,ID=Hetgly07517.t1;Parent=Hetgly07517;Alias=mikado.Scaffold_5G3554.1::Chromosome_1:14656114-14663805,16,24,1049,1071,GAAAUUUU,GGTATCATACACATATTTCAAA,0.942
Chromosome_8_1080a-253-3p,ID=Hetgly07978.t1;Parent=Hetgly07978;Alias=mikado.Scaffold_5G4411.1::Chromosome_1:17373965-17412283,16,24,7043,7065,GAAAUUUU,AACAAAACCAGGAACTTTCAAA,0.936
Chromosome_8_1080a-253-3p,ID=Hetgly08320.t1;Parent=Hetgly08320;Alias=mikado.Scaffold_5G5175.1::Chromosome_1:19836761-19893736,1,24,42967,42987,UUUUGAAAACAAAAAGAAAUUUU,AAAAAATCAAAGTTTTCAAA,0.954
Chromosome_8_1080a-253-3p,ID=Hetgly08513.t1;Parent=Hetgly08513;Alias=mikado.Scaffold_5G5476.1::Chromosome_1:21180960-21184875,14,23,1150,1172,AAGAAAUUU,CCCTAAAGATCGAGTTTTCAAA,0.936
Chromosome_8_1080a-253-3p,ID=Hetgly09363.t1;Parent=Hetgly09363;Alias=mikado.Scaffold_1G803.1::Chromosome_2:2982870-2986116,6,24,2193,2214,AAAACAAAAAGAAAUUUU,CGACATTCATTCAATTTCAAA,0.94
Chromosome_8_1080a-253-3p,ID=Hetgly09456.t1;Parent=Hetgly09456;Alias=mikado.Scaffold_1G983.1::Chromosome_2:3569466-3574090,16,24,2303,2325,GAAAUUUU,GGGCTAGTAATTAAATTTCAAA,0.946
Chromosome_8_1080a-253-3p,ID=Hetgly10721.t1;Parent=Hetgly10721;Alias=mikado.Scaffold_1G2993.1::Chromosome_2:9872691-9876009,1,23,2480,2504,UUUUGAAAACAAAAAGAAAUUU,AACAACTCAATTATAAATTTCAAA,0.94
Chromosome_8_1080a-253-3p,ID=Hetgly10774.t1;Parent=Hetgly10774;Alias=mikado.Scaffold_1G3133.1::Chromosome_2:10354448-10414367,1,24,45541,45573,UUUUGAAAACAAAAAGAAAUUUU,AAAATTGCCTATTCTTAAAAAATCCTTTCAAA,0.936
Chromosome_8_1080a-253-3p,ID=Hetgly10786.t1;Parent=Hetgly10786;Alias=mikado.Scaffold_1G3118.1::Chromosome_2:10399463-10403137,1,24,526,558,UUUUGAAAACAAAAAGAAAUUUU,AAAATTGCCTATTCTTAAAAAATCCTTTCAAA,0.936
Chromosome_8_1080a-253-3p,ID=Hetgly02909.t1;Parent=Hetgly02909;Alias=mikado.Scaffold_3G147.1::Chromosome_3:532983-571827,14,24,29592,29614,AAGAAAUUUU,TCCCCCACCCCAAGTTTTCAAA,0.95
Chromosome_8_1080a-253-3p,ID=Hetgly02975.t1;Parent=Hetgly02975;Alias=mikado.Scaffold_3G333.1::Chromosome_3:1235734-1252780,3,24,6873,6896,UUGAAAACAAAAAGAAAUUUU,TCAATTTAATTCCCGATTTCAAA,0.936
Chromosome_8_1080a-253-3p,ID=Hetgly03027.t1;Parent=Hetgly03027;Alias=mikado.Scaffold_3G475.1::Chromosome_3:1750498-1756637,1,24,384,417,UUUUGAAAACAAAAAGAAAUUUU,AACATTTCTCTATTAACTCACCTAAATTTCAAA,0.95
Chromosome_8_1080a-253-3p,ID=Hetgly03942.t1;Parent=Hetgly03942;Alias=mikado.Scaffold_3G2519.1::Chromosome_3:9374048-9400037,2,24,12934,12957,UUUGAAAACAAAAAGAAAUUUU,CAAATTGCATTCAAGTTTTCGAA,0.944
Chromosome_8_1080a-253-3p,ID=Hetgly04490.t1;Parent=Hetgly04490;Alias=mikado.Scaffold_3G3275.1::Chromosome_3:12158861-12220844,16,24,44348,44370,GAAAUUUU,TGGCCACCAATTAAATTTCAAA,0.94
Chromosome_8_1080a-253-3p,ID=Hetgly04760.t1;Parent=Hetgly04760;Alias=mikado.Scaffold_3G3790.1::Chromosome_3:13463609-13533647,1,24,28511,28532,UUUUGAAAACAAAAAGAAAUUUU,AAAACATATTTCCATTTCAAA,0.936
Chromosome_8_1080a-253-3p,ID=Hetgly05001.t1;Parent=Hetgly05001;Alias=mikado.Scaffold_3G4296.1::Chromosome_3:14667703-14736890,7,23,13439,13461,AAACAAAAAGAAAUUU,TGACCCTCCCCTTCCTTTCAAA,0.94
Chromosome_8_1080a-253-3p,ID=Hetgly13487.t1;Parent=Hetgly13487;Alias=mikado.Scaffold_4G3065.1::Chromosome_4:11048105-11051310,2,23,58,78,UUUGAAAACAAAAAGAAAUUU,CAAATTCCATCGTTTTCAAA,0.952
Chromosome_8_1080a-253-3p,ID=Hetgly00354.t1;Parent=Hetgly00354;Alias=mikado.Scaffold_8G721.1::Chromosome_5:2208522-2250033,1,23,27614,27638,UUUUGAAAACAAAAAGAAAUUU,AAGGCTTTTATTCCTCATTTCAAA,0.946
Chromosome_8_1080a-253-3p,ID=Hetgly00405.t1;Parent=Hetgly00405;Alias=mikado.Scaffold_8G873.1::Chromosome_5:2644732-2715306,1,24,28022,28044,UUUUGAAAACAAAAAGAAAUUUU,AAAACTCCTATTTTTCTTCAAA,0.938
Chromosome_8_1080a-253-3p,ID=Hetgly02616.t1;Parent=Hetgly02616;Alias=mikado.Scaffold_8G4876.1::Chromosome_5:15319254-15354225,2,24,6610,6633,UUUGAAAACAAAAAGAAAUUUU,CAAATTACATTTCAAATTTCAAA,0.94
Chromosome_8_1080a-253-3p,ID=Hetgly02688.t1;Parent=Hetgly02688;Alias=mikado.Scaffold_8G4973.1::Chromosome_5:15770439-15784100,1,22,1221,1244,UUUUGAAAACAAAAAGAAAUU,AAAATGTGTCCATCGTTTTCAAT,0.948
Chromosome_8_1080a-253-3p,ID=Hetgly17177.t1;Parent=Hetgly17177;Alias=mikado.Scaffold_7G1174.1::Chromosome_7:3606051-3610880,2,23,2262,2290,UUUGAAAACAAAAAGAAAUUU,CAAATTTTGCCTAAATTTAAATTTCAAA,0.946
Chromosome_8_1080a-253-3p,ID=Hetgly17287.t1;Parent=Hetgly17287;Alias=mikado.Scaffold_7G1596.1::Chromosome_7:4654319-4660709,6,23,3255,3277,AAAACAAAAAGAAAUUU,TATTATTCCTATCCATTTCAAA,0.944
Chromosome_8_1080a-253-3p,ID=Hetgly21493.t1;Parent=Hetgly21493;Alias=mikado.Scaffold_2G1843.1::Chromosome_8:7488442-7490283,1,23,1116,1138,UUUUGAAAACAAAAAGAAAUUU,AAAATATTCATTTAATTTCAGA,0.956
Chromosome_8_1080a-253-3p,ID=Hetgly21660.t1;Parent=Hetgly21660;Alias=mikado.Scaffold_2G2131.1::Chromosome_8:8252350-8254093,1,23,349,371,UUUUGAAAACAAAAAGAAAUUU,ACAGTCTCAATTCGATTTCAAA,0.954
Chromosome_8_1080a-253-3p,ID=Hetgly19368.t1;Parent=Hetgly19368;Alias=mikado.Scaffold_9G1138.1::Chromosome_9:3640404-3701676,1,24,12051,12076,UUUUGAAAACAAAAAGAAAUUUU,AAAAAATCAACTAGTCAATTTCAAA,0.94
com_Chromosome_8_1080b-147-3p,ID=Hetgly06183.t1;Parent=Hetgly06183;Alias=mikado.Scaffold_5G574.1::Chromosome_1:3318000-3319809,15,24,407,430,GAAUAAAAU,TCGTAGCCAAAAAATCCAAAAAT,0.966
com_Chromosome_8_1080b-147-3p,ID=Hetgly06225.t1;Parent=Hetgly06225;Alias=mikado.Scaffold_5G456.1::Chromosome_1:3798681-3807900,14,24,911,934,UGAAUAAAAU,TCATCGAACCCTATTACAAAAAT,0.95
com_Chromosome_8_1080b-147-3p,ID=Hetgly07656.t1;Parent=Hetgly07656;Alias=mikado.Scaffold_5G3859.1::Chromosome_1:15424666-15432266,15,24,272,295,GAAUAAAAU,ATCTGCCAAAATCCTACAAAAAT,0.954
com_Chromosome_8_1080b-147-3p,ID=Hetgly07849.t2;Parent=Hetgly07849;Alias=mikado.Scaffold_5G4193.1::Chromosome_1:16397397-16417559,1,24,4495,4519,AAUUUUUGAAAACUGAAUAAAAU,AGATATATCCATTTATACAAAAAT,0.954
com_Chromosome_8_1080b-147-5p,ID=Hetgly07948.t1;Parent=Hetgly07948;Alias=mikado.Scaffold_5G4349.1::Chromosome_1:17169212-17235898,8,23,29163,29185,UUUGUUUUCAAAAAG,TATGGCAGAGAAGAAAAGGAAA,0.948
com_Chromosome_8_1080b-147-3p,ID=Hetgly08159.t1;Parent=Hetgly08159;Alias=mikado.Scaffold_5G4810.1::Chromosome_1:18637227-18693249,12,24,47115,47138,ACUGAAUAAAAU,CCTAAAGTGACGATGACAAAAAT,0.948
com_Chromosome_8_1080b-147-5p,ID=Hetgly09384.t1;Parent=Hetgly09384;Alias=mikado.Scaffold_1G820.1::Chromosome_2:3094104-3127166,6,23,9852,9872,UUUUUGUUUUCAAAAAG,TTCAATTTAAATCAAAGAAA,0.95
com_Chromosome_8_1080b-147-3p,ID=Hetgly03208.t1;Parent=Hetgly03208;Alias=mikado.Scaffold_3G898.1::Chromosome_3:3393590-3439391,1,24,20289,20310,AAUUUUUGAAAACUGAAUAAAAU,AATTTCCTAAAATACAAAAAT,0.962
com_Chromosome_8_1080b-147-3p,ID=Hetgly03942.t1;Parent=Hetgly03942;Alias=mikado.Scaffold_3G2519.1::Chromosome_3:9374048-9400037,8,24,10557,10580,GAAAACUGAAUAAAAU,AAGGCCGTCCAACGTACAAAAAT,0.952
com_Chromosome_8_1080b-147-3p,ID=Hetgly03952.t1;Parent=Hetgly03952;Alias=mikado.Scaffold_3G2527.1::Chromosome_3:9436682-9443368,2,24,226,255,AUUUUUGAAAACUGAAUAAAAU,CATTTGTTAATAACTTTACACCCAAAAAT,0.952
com_Chromosome_8_1080b-147-5p,ID=Hetgly04218.t1;Parent=Hetgly04218;Alias=mikado.Scaffold_3G3067.1::Chromosome_3:10894772-10957169,1,24,28920,28941,AUUUCUUUUUGUUUUCAAAAAGU,ACATGGAGAGAAAGAGAGAAA,0.954
com_Chromosome_8_1080b-147-5p,ID=Hetgly04375.t1;Parent=Hetgly04375;Alias=mikado.Scaffold_3G3207.1::Chromosome_3:11625858-11699575,8,23,53531,53553,UUUGUUUUCAAAAAG,ATCAGCCGAAGAGAAGAAGAAA,0.95
com_Chromosome_8_1080b-147-3p,ID=Hetgly04490.t1;Parent=Hetgly04490;Alias=mikado.Scaffold_3G3275.1::Chromosome_3:12158861-12220844,1,24,46436,46454,AAUUUUUGAAAACUGAAUAAAAU,AATAGCAATCACAAAAAT,0.96
com_Chromosome_8_1080b-147-5p,ID=Hetgly05001.t1;Parent=Hetgly05001;Alias=mikado.Scaffold_3G4296.1::Chromosome_3:14667703-14736890,9,23,51405,51432,UUGUUUUCAAAAAG,AAATTCCTAAAATATATTTTAAAGAAA,0.954
com_Chromosome_8_1080b-147-5p,ID=Hetgly05935.t1;Parent=Hetgly05935;Alias=mikado.Scaffold_3G6059.1::Chromosome_3:21905392-21907268,8,24,1631,1653,UUUGUUUUCAAAAAGU,CGGAAGAGAAGAAGAAAAGAAA,0.95
com_Chromosome_8_1080b-147-3p,ID=Hetgly12321.t1;Parent=Hetgly12321;Alias=mikado.Scaffold_4G1146.1::Chromosome_4:4050427-4054201,1,24,2784,2812,AAUUUUUGAAAACUGAAUAAAAU,AATGTTAACGATTAATTATCCCAAAAAT,0.952
com_Chromosome_8_1080b-147-5p,ID=Hetgly13487.t1;Parent=Hetgly13487;Alias=mikado.Scaffold_4G3065.1::Chromosome_4:11048105-11051310,9,23,2596,2622,UUGUUUUCAAAAAG,TTATATCCAAATCCCTTATAAAGAAA,0.95
com_Chromosome_8_1080b-147-5p,ID=Hetgly02128.t1;Parent=Hetgly02128;Alias=mikado.Scaffold_8G3887.1::Chromosome_5:12061757-12062646,8,23,414,436,UUUGUUUUCAAAAAG,TCAAACGGAGAAGGAAAAGAAA,0.958
com_Chromosome_8_1080b-147-5p,ID=Hetgly02158.t1;Parent=Hetgly02158;Alias=mikado.Scaffold_8G3930.1::Chromosome_5:12196530-12198886,8,23,447,469,UUUGUUUUCAAAAAG,TCAAACGGAGAAGGAAAAGAAA,0.958
com_Chromosome_8_1080b-147-3p,ID=Hetgly02697.t1;Parent=Hetgly02697;Alias=mikado.Scaffold_8G5001.1::Chromosome_5:15822404-15893702,2,24,59353,59376,AUUUUUGAAAACUGAAUAAAAU,CATTATACCTTTATTACAAAAAT,0.97
com_Chromosome_8_1080b-147-3p,ID=Hetgly14404.t1;Parent=Hetgly14404;Alias=mikado.Scaffold_6G445.1::Chromosome_6:1617402-1623993,5,24,5270,5295,UUUGAAAACUGAAUAAAAU,ACGATTCGTCAACTCATCCAAAAAT,0.952
com_Chromosome_8_1080b-147-5p,ID=Hetgly15593.t1;Parent=Hetgly15593;Alias=mikado.Scaffold_6G2749.1::Chromosome_6:8923797-8966015,7,23,25315,25337,UUUUGUUUUCAAAAAG,CGGAAGTGGGAAGAGAGAGAAA,0.956
com_Chromosome_8_1080b-147-5p,ID=Hetgly18692.t1;Parent=Hetgly18692;Alias=mikado.Scaffold_7G4075.1::Chromosome_7:12670311-12675329,2,23,3734,3756,UUUCUUUUUGUUUUCAAAAAG,CCTTTCCCAAATTTCAAAGAAA,0.962
com_Chromosome_8_1080b-147-3p,ID=Hetgly21000.t1;Parent=Hetgly21000;Alias=mikado.Scaffold_2G810.1::Chromosome_8:3672787-3678891,5,24,3833,3858,UUUGAAAACUGAAUAAAAU,ACGATTCGTCAACTCATCCAAAAAT,0.95
com_Chromosome_8_1080b-147-3p,ID=Hetgly21869.t1;Parent=Hetgly21869;Alias=mikado.Scaffold_2G2458.1::Chromosome_8:9161519-9167909,8,24,6319,6343,GAAAACUGAAUAAAAU,AACGGCTTTCCTTTCAACAAAAAT,0.954
com_Chromosome_8_1080b-147-3p,ID=Hetgly20172.t1;Parent=Hetgly20172;Alias=mikado.Scaffold_9G2470.1::Chromosome_9:7533029-7536025,2,24,1584,1607,AUUUUUGAAAACUGAAUAAAAU,GAATATATTAAAAAAACAAAAAT,0.952
com_Chromosome_8_64b-3-5p,ID=Hetgly07298.t1;Parent=Hetgly07298;Alias=mikado.Scaffold_5G3263.1::Chromosome_1:13491886-13492944,22,30,1,12,UUAAUUAA,GATTCAGCGGC,0.962
com_Chromosome_8_64b-3-5p,ID=Hetgly08159.t1;Parent=Hetgly08159;Alias=mikado.Scaffold_5G4810.1::Chromosome_1:18637227-18693249,4,30,23950,23975,CGAUGAUGCAAAAAGCAAUUAAUUAA,CAAAATTAACAACAATGGCATTGGC,0.97
com_Chromosome_8_64b-3-5p,ID=Hetgly08163.t1;Parent=Hetgly08163;Alias=mikado.Scaffold_5G4802.2::Chromosome_1:18646488-18684297,4,30,14689,14714,CGAUGAUGCAAAAAGCAAUUAAUUAA,CAAAATTAACAACAATGGCATTGGC,0.97
com_Chromosome_8_64b-3-5p,ID=Hetgly08163.t2;Parent=Hetgly08163;Alias=mikado.Scaffold_5G4802.1::Chromosome_1:18646488-18684297,4,30,14689,14714,CGAUGAUGCAAAAAGCAAUUAAUUAA,CAAAATTAACAACAATGGCATTGGC,0.97
com_Chromosome_8_64b-3-5p,ID=Hetgly08320.t1;Parent=Hetgly08320;Alias=mikado.Scaffold_5G5175.1::Chromosome_1:19836761-19893736,2,31,36071,36102,GCCGAUGAUGCAAAAAGCAAUUAAUUAAU,TTCATTTACCAGCATATAATTTGTCATCGAC,0.96
com_Chromosome_8_64b-3-5p,ID=Hetgly08663.t1;Parent=Hetgly08663;Alias=mikado.Scaffold_5G5778.1::Chromosome_1:22084894-22087385,3,30,386,408,CCGAUGAUGCAAAAAGCAAUUAAUUAA,TCTGAATAATTCTTCCATTGGC,0.968
com_Chromosome_8_64b-3-5p,ID=Hetgly08665.t1;Parent=Hetgly08665;Alias=mikado.Scaffold_5G5771.1::Chromosome_1:22095085-22099031,24,31,1,14,AAUUAAU,AAAAAAAATCGGC,0.956
com_Chromosome_8_64b-3-5p,ID=Hetgly09367.t1;Parent=Hetgly09367;Alias=mikado.Scaffold_1G806.1::Chromosome_2:2999637-3002888,1,30,1900,1921,AGCCGAUGAUGCAAAAAGCAAUUAAUUAA,ATAAATAAAACTAACTTCGGC,0.958
com_Chromosome_8_64b-3-5p,ID=Hetgly09384.t1;Parent=Hetgly09384;Alias=mikado.Scaffold_1G820.1::Chromosome_2:3094104-3127166,1,30,6481,6502,AGCCGAUGAUGCAAAAAGCAAUUAAUUAA,ATAAATAAAACTAACTTCGGC,0.97
com_Chromosome_8_64b-3-5p,ID=Hetgly11264.t1;Parent=Hetgly11264;Alias=mikado.Scaffold_1G4610.1::Chromosome_2:16164850-16166861,4,31,365,398,CGAUGAUGCAAAAAGCAAUUAAUUAAU,CAAAATATACTAGACATTTCCTATTCCATCGGT,0.962
com_Chromosome_8_64b-3-5p,ID=Hetgly11547.t1;Parent=Hetgly11547;Alias=mikado.Scaffold_1G5696.1::Chromosome_2:20646994-20648569,20,31,230,259,AAUUAAUUAAU,TCCTCCTCCTCATCCTCCTCCTCATCGTC,0.954
com_Chromosome_8_64b-3-5p,ID=Hetgly03012.t1;Parent=Hetgly03012;Alias=mikado.Scaffold_3G442.1::Chromosome_3:1659270-1664858,2,31,3055,3087,GCCGAUGAUGCAAAAAGCAAUUAAUUAAU,TTTAATATCATTCTTTAACATAAACAATTGGC,0.96
com_Chromosome_8_64b-3-5p,ID=Hetgly03042.t1;Parent=Hetgly03042;Alias=mikado.Scaffold_3G514.1::Chromosome_3:1864396-1867447,5,30,3014,3038,GAUGAUGCAAAAAGCAAUUAAUUAA,TCACATTATATGAATTTTATCGGC,0.974
com_Chromosome_8_64b-3-5p,ID=Hetgly03806.t1;Parent=Hetgly03806;Alias=mikado.Scaffold_3G2419.1::Chromosome_3:8510274-8512720,20,30,519,548,AAUUAAUUAA,TCCTCCTCCTACTCCTCCTCCTCATCCGC,0.964
com_Chromosome_8_64b-3-5p,ID=Hetgly03815.t1;Parent=Hetgly03815;Alias=mikado.Scaffold_3G2428.1::Chromosome_3:8627705-8631006,4,30,2955,2981,CGAUGAUGCAAAAAGCAAUUAAUUAA,TCAAAATAATTTCCATTTTCATCCGC,0.964
com_Chromosome_8_64b-3-5p,ID=Hetgly04375.t1;Parent=Hetgly04375;Alias=mikado.Scaffold_3G3207.1::Chromosome_3:11625858-11699575,22,31,42857,42886,UUAAUUAAU,AAATCTCACAAAACAGACAACTTATCGGC,0.978
com_Chromosome_8_64b-3-5p,ID=Hetgly04640.t1;Parent=Hetgly04640;Alias=mikado.Scaffold_3G3673.1::Chromosome_3:12921931-12975458,21,30,7928,7957,AUUAAUUAA,CGAACTGTGTTAAAAATAAGATTATCGGC,0.958
com_Chromosome_8_64b-3-5p,ID=Hetgly04760.t1;Parent=Hetgly04760;Alias=mikado.Scaffold_3G3790.1::Chromosome_3:13463609-13533647,1,30,67301,67339,AGCCGAUGAUGCAAAAAGCAAUUAAUUAA,ATAAATTTTAATTTATTTATTCACTAAAAAACTTCGGC,0.956
com_Chromosome_8_64b-3-5p,ID=Hetgly12492.t1;Parent=Hetgly12492;Alias=mikado.Scaffold_4G1598.1::Chromosome_4:6223748-6227937,2,30,3221,3246,GCCGAUGAUGCAAAAAGCAAUUAAUUAA,TTTAAACAATACTCGAATCATTGGC,0.962
com_Chromosome_8_64b-3-5p,ID=Hetgly13432.t1;Parent=Hetgly13432;Alias=mikado.Scaffold_4G3168.1::Chromosome_4:10754931-10758882,4,30,2311,2346,CGAUGAUGCAAAAAGCAAUUAAUUAA,CAAACTTCGTCCCTTCTCCACTTCAATTCCTCGGC,0.966
com_Chromosome_8_64b-3-5p,ID=Hetgly01447.t1;Parent=Hetgly01447;Alias=mikado.Scaffold_8G2927.1::Chromosome_5:8985395-8987174,20,30,620,649,AAUUAAUUAA,CAGAATGTATTCAAACCAACATCATCGTC,0.956
com_Chromosome_8_64b-3-5p,ID=Hetgly01730.t1;Parent=Hetgly01730;Alias=mikado.Scaffold_8G3237.1::Chromosome_5:10208055-10214415,1,28,5033,5065,AGCCGAUGAUGCAAAAAGCAAUUAAUU,ATGTATTAAATGAAAGGTACACAATCATCGTT,0.962
com_Chromosome_8_64b-3-5p,ID=Hetgly14402.t1;Parent=Hetgly14402;Alias=mikado.Scaffold_6G439.1::Chromosome_6:1594174-1596758,3,30,1338,1373,CCGAUGAUGCAAAAAGCAAUUAAUUAA,GATACTAAATTGTCTATTAAAAAGATACTCACGGC,0.956
com_Chromosome_8_64b-3-5p,ID=Hetgly15593.t1;Parent=Hetgly15593;Alias=mikado.Scaffold_6G2749.1::Chromosome_6:8923797-8966015,8,31,33239,33266,GAUGCAAAAAGCAAUUAAUUAAU,AAAACCAAACTGTTCAATTCCATCGCC,0.966
com_Chromosome_8_64b-3-5p,ID=Hetgly17072.t1;Parent=Hetgly17072;Alias=mikado.Scaffold_7G928.1::Chromosome_7:2827039-2836156,1,30,366,395,AGCCGAUGAUGCAAAAAGCAAUUAAUUAA,ATAAATAAATAAATTAAAAAATCATTGGC,0.982
com_Chromosome_8_64b-3-5p,ID=Hetgly18303.t1;Parent=Hetgly18303;Alias=mikado.Scaffold_7G3325.1::Chromosome_7:10284141-10289181,1,30,3930,3960,AGCCGAUGAUGCAAAAAGCAAUUAAUUAA,ATCACTGAAAGGTCCGTCTCACTCATCCGC,0.97
Chromosome_8_70a-231-5p,ID=Hetgly07792.t1;Parent=Hetgly07792;Alias=mikado.Scaffold_5G4038.1::Chromosome_1:16136329-16137854,3,19,1055,1075,AGGGUAGAGGAAAAUG,CGATTCCTTGCGCTACCTTT,0.95
Chromosome_8_70a-231-5p,ID=Hetgly07828.t2;Parent=Hetgly07828;Alias=mikado.Scaffold_5G4154.1::Chromosome_1:16310598-16312126,3,19,1058,1078,AGGGUAGAGGAAAAUG,CGATTCCTTGCGCTACCTTT,0.948
Chromosome_8_70a-231-5p,ID=Hetgly08320.t1;Parent=Hetgly08320;Alias=mikado.Scaffold_5G5175.1::Chromosome_1:19836761-19893736,7,19,45538,45556,UAGAGGAAAAUG,CAAAAATACAGTACCCTT,0.96
Chromosome_8_70a-231-5p,ID=Hetgly08630.t1;Parent=Hetgly08630;Alias=mikado.Scaffold_5G5710.1::Chromosome_1:21869483-21875166,2,19,2084,2102,AAGGGUAGAGGAAAAUG,CCACTTCACTCAACCCTT,0.946
Chromosome_8_70a-231-5p,ID=Hetgly08741.t1;Parent=Hetgly08741;Alias=mikado.Scaffold_5G6026.1::Chromosome_1:22704625-22711126,12,19,4761,4779,GAAAAUG,TACTGAAAACATACCCTT,0.974
Chromosome_8_70a-231-5p,ID=Hetgly08741.t2;Parent=Hetgly08741;Alias=mikado.Scaffold_5G6026.2::Chromosome_1:22705093-22711186,12,19,4293,4311,GAAAAUG,TACTGAAAACATACCCTT,0.974
Chromosome_8_70a-231-5p,ID=Hetgly08808.t1;Parent=Hetgly08808;Alias=mikado.Scaffold_5G6068.1::Chromosome_1:23148510-23153551,3,19,2870,2889,AGGGUAGAGGAAAAUG,AAATCTGCCTTTTACTCTT,0.952
Chromosome_8_70a-231-5p,ID=Hetgly10774.t1;Parent=Hetgly10774;Alias=mikado.Scaffold_1G3133.1::Chromosome_2:10354448-10414367,1,18,342,360,CAAGGGUAGAGGAAAAU,TAATTAATTAATACCCTC,0.958
Chromosome_8_70a-231-5p,ID=Hetgly11005.t1;Parent=Hetgly11005;Alias=mikado.Scaffold_1G3730.1::Chromosome_2:12683758-12731838,9,19,19581,19598,GAGGAAAAUG,TCTCAAAACTTGCCCTT,0.986
Chromosome_8_70a-231-5p,ID=Hetgly11547.t1;Parent=Hetgly11547;Alias=mikado.Scaffold_1G5696.1::Chromosome_2:20646994-20648569,9,19,589,607,GAGGAAAAUG,TGCGTAAACTCAACCCTT,0.946
Chromosome_8_70a-231-5p,ID=Hetgly11778.t1;Parent=Hetgly11778;Alias=mikado.Scaffold_1G6198.1::Chromosome_2:22522929-22533453,8,18,2344,2366,AGAGGAAAAU,ATCAACGCCACAAATTACCCTA,0.948
Chromosome_8_70a-231-5p,ID=Hetgly02975.t1;Parent=Hetgly02975;Alias=mikado.Scaffold_3G333.1::Chromosome_3:1235734-1252780,1,18,6735,6753,CAAGGGUAGAGGAAAAU,TCAAAATTTATTACCCTG,0.948
Chromosome_8_70a-231-5p,ID=Hetgly03815.t1;Parent=Hetgly03815;Alias=mikado.Scaffold_3G2428.1::Chromosome_3:8627705-8631006,9,18,2716,2733,GAGGAAAAU,GAAAACAGCTTACCCTA,0.964
Chromosome_8_70a-231-3p,ID=Hetgly04892.t1;Parent=Hetgly04892;Alias=mikado.Scaffold_3G4083.1::Chromosome_3:14098518-14167596,1,30,50443,50477,UUUUUUAUUAUAAUAAUCUUGACCUUUGG,CCGTAATTAAATTATAATTTTGACCCTATAAAAA,0.976
Chromosome_8_70a-231-3p,ID=Hetgly05001.t1;Parent=Hetgly05001;Alias=mikado.Scaffold_3G4296.1::Chromosome_3:14667703-14736890,1,31,40890,40928,UUUUUUAUUAUAAUAAUCUUGACCUUUGGG,CCCTGCTTTAGAGCTATTTTTTTTAAATACCATAAAAA,0.972
Chromosome_8_70a-231-5p,ID=Hetgly05456.t1;Parent=Hetgly05456;Alias=mikado.Scaffold_3G5226.1::Chromosome_3:18098967-18103377,7,18,2367,2385,UAGAGGAAAAU,TATGAATACTATACCCTG,0.95
Chromosome_8_70a-231-5p,ID=Hetgly12689.t1;Parent=Hetgly12689;Alias=mikado.Scaffold_4G2219.1::Chromosome_4:7388967-7392956,2,18,1787,1809,AAGGGUAGAGGAAAAU,CCAATTACAAATTATTACCCTC,0.958
Chromosome_8_70a-231-5p,ID=Hetgly13497.t1;Parent=Hetgly13497;Alias=mikado.Scaffold_4G3210.1::Chromosome_4:11105051-11108197,1,19,2561,2585,CAAGGGUAGAGGAAAAUG,TCATTTTGCCCATTCTGTACACTT,0.948
Chromosome_8_70a-231-3p,ID=Hetgly00354.t1;Parent=Hetgly00354;Alias=mikado.Scaffold_8G721.1::Chromosome_5:2208522-2250033,9,31,33793,33834,UAUAAUAAUCUUGACCUUUGGG,TACATTTTTTAACATTACTCATTTTATATAAACCATAAAAA,0.974
Chromosome_8_70a-231-3p,ID=Hetgly02045.t1;Parent=Hetgly02045;Alias=mikado.Scaffold_8G3747.1::Chromosome_5:11606104-11614758,8,31,19,47,UUAUAAUAAUCUUGACCUUUGGG,GATACGCGCCCTGCTTACAACATAAAAA,0.974
Chromosome_8_70a-231-5p,ID=Hetgly02259.t1;Parent=Hetgly02259;Alias=mikado.Scaffold_8G4042.1::Chromosome_5:12705329-12707985,1,19,222,242,CAAGGGUAGAGGAAAAUG,TCCTTTTGCTTGTTGCCCTT,0.946
Chromosome_8_70a-231-5p,ID=Hetgly02697.t1;Parent=Hetgly02697;Alias=mikado.Scaffold_8G5001.1::Chromosome_5:15822404-15893702,11,19,47603,47621,GGAAAAUG,CCAGTAAAGACTACCCTT,0.974
Chromosome_8_70a-231-5p,ID=Hetgly14680.t1;Parent=Hetgly14680;Alias=mikado.Scaffold_6G1168.1::Chromosome_6:3912160-3917387,7,19,441,459,UAGAGGAAAAUG,CCTGAATTATATACCCTT,0.96
Chromosome_8_70a-231-3p,ID=Hetgly14782.t1;Parent=Hetgly14782;Alias=mikado.Scaffold_6G1384.1::Chromosome_6:4663343-4665098,15,30,1475,1504,AAUCUUGACCUUUGG,AATTGCATCCCTACTAATTAACATAAAAA,0.966
Chromosome_8_70a-231-5p,ID=Hetgly17269.t1;Parent=Hetgly17269;Alias=mikado.Scaffold_7G1426.1::Chromosome_7:4410151-4412489,10,18,1286,1304,AGGAAAAU,AACGCAAAATATACCCTA,0.958
Chromosome_8_70a-231-3p,ID=Hetgly17363.t1;Parent=Hetgly17363;Alias=mikado.Scaffold_7G1517.1::Chromosome_7:5321985-5325350,1,30,754,786,UUUUUUAUUAUAAUAAUCUUGACCUUUGG,CCCTTTCATTAATAGTGTTCGCCATATAAAAA,0.96
Chromosome_8_99a-386-3p,ID=Hetgly06226.t1;Parent=Hetgly06226;Alias=mikado.Scaffold_5G457.1::Chromosome_1:3810776-3815880,8,27,3992,4016,UCAUCUGAAAAUUUCUUAA,CACATTTATCTTAATAGATTTTTT,0.936
Chromosome_8_99a-386-5p,ID=Hetgly07517.t1;Parent=Hetgly07517;Alias=mikado.Scaffold_5G3554.1::Chromosome_1:14656114-14663805,2,24,7214,7234,AGAUUUUUCAGCAAUUUUUUUU,ACAAATGAAACGAAAAATCG,0.968
Chromosome_8_99a-386-5p,ID=Hetgly07617.t1;Parent=Hetgly07617;Alias=mikado.Scaffold_5G3621.1::Chromosome_1:15196761-15201689,9,25,1895,1917,UCAGCAAUUUUUUUUG,TTCGGCTCAATTTCCAAAATCT,0.95
Chromosome_8_99a-386-5p,ID=Hetgly08644.t1;Parent=Hetgly08644;Alias=mikado.Scaffold_5G5743.1::Chromosome_1:21962367-21964165,2,26,603,623,AGAUUUUUCAGCAAUUUUUUUUGA,ACTAAAAAACCTCAAAATCT,0.93
Chromosome_8_99a-386-5p,ID=Hetgly08817.t1;Parent=Hetgly08817;Alias=mikado.Scaffold_5G6074.1::Chromosome_1:23193637-23194925,1,25,679,699,AAGAUUUUUCAGCAAUUUUUUUUG,TTAACCAAATACTAAAATCT,0.932
Chromosome_8_99a-386-3p,ID=Hetgly09293.t1;Parent=Hetgly09293;Alias=mikado.Scaffold_1G623.1::Chromosome_2:2245422-2248325,2,26,31,54,AAAAAAUCAUCUGAAAAUUUCUUA,ATACGGAAAATAAATTATTTTTT,0.936
Chromosome_8_99a-386-5p,ID=Hetgly09384.t1;Parent=Hetgly09384;Alias=mikado.Scaffold_1G820.1::Chromosome_2:3094104-3127166,6,24,13849,13877,UUUUCAGCAAUUUUUUUU,GGTGGAATAATACCTAGAAGAAAAATCA,0.954
Chromosome_8_99a-386-5p,ID=Hetgly09388.t1;Parent=Hetgly09388;Alias=mikado.Scaffold_1G755.1::Chromosome_2:3112285-3139917,6,24,21533,21561,UUUUCAGCAAUUUUUUUU,GGTGGAATAATACCTAGAAGAAAAATCA,0.966
Chromosome_8_99a-386-5p,ID=Hetgly03952.t1;Parent=Hetgly03952;Alias=mikado.Scaffold_3G2527.1::Chromosome_3:9436682-9443368,1,24,3236,3264,AAGAUUUUUCAGCAAUUUUUUUU,TCACATGAAATTTACAAAGGAAAAATCA,0.94
Chromosome_8_99a-386-5p,ID=Hetgly04490.t1;Parent=Hetgly04490;Alias=mikado.Scaffold_3G3275.1::Chromosome_3:12158861-12220844,1,24,30870,30889,AAGAUUUUUCAGCAAUUUUUUUU,TCATAAAATAGAAAAATCA,0.97
Chromosome_8_99a-386-5p,ID=Hetgly05001.t1;Parent=Hetgly05001;Alias=mikado.Scaffold_3G4296.1::Chromosome_3:14667703-14736890,6,24,41845,41868,UUUUCAGCAAUUUUUUUU,TAGCCATAAATTACAAAAAATCC,0.946
Chromosome_8_99a-386-5p,ID=Hetgly05769.t1;Parent=Hetgly05769;Alias=mikado.Scaffold_3G5565.1::Chromosome_3:20692482-20697209,8,25,1219,1244,UUCAGCAAUUUUUUUUG,TATTTTTAAATTTTTCCCAAAATCT,0.944
Chromosome_8_99a-386-5p,ID=Hetgly13465.t1;Parent=Hetgly13465;Alias=mikado.Scaffold_4G3188.1::Chromosome_4:10947450-10951078,1,24,1824,1853,AAGAUUUUUCAGCAAUUUUUUUU,TCGAAATGTCCTAAATTAACGCAAAATCC,0.944
Chromosome_8_99a-386-5p,ID=Hetgly13564.t1;Parent=Hetgly13564;Alias=mikado.Scaffold_4G3356.1::Chromosome_4:11459255-11460199,14,25,141,167,AAUUUUUUUUG,TCTTTTTGAGCAACCGAATAAAATCT,0.95
Chromosome_8_99a-386-5p,ID=Hetgly13569.t1;Parent=Hetgly13569;Alias=mikado.Scaffold_4G3359.1::Chromosome_4:11476031-11477473,14,25,141,167,AAUUUUUUUUG,TCTTTTTGAGCAACCGAATAAAATCT,0.95
Chromosome_8_99a-386-5p,ID=Hetgly00317.t1;Parent=Hetgly00317;Alias=mikado.Scaffold_8G590.1::Chromosome_5:1854650-1858409,1,24,2867,2895,AAGAUUUUUCAGCAAUUUUUUUU,TTGGAGGAAATAACATCAAGAAAAATCA,0.976
Chromosome_8_99a-386-5p,ID=Hetgly00354.t1;Parent=Hetgly00354;Alias=mikado.Scaffold_8G721.1::Chromosome_5:2208522-2250033,5,24,29943,29967,UUUUUCAGCAAUUUUUUUU,CTGGACAAAAATCCAGAAAAATCC,0.972
Chromosome_8_99a-386-5p,ID=Hetgly02504.t1;Parent=Hetgly02504;Alias=mikado.Scaffold_8G4492.1::Chromosome_5:14246143-14254607,5,25,2905,2928,UUUUUCAGCAAUUUUUUUUG,ATCTACAATATTTCGCAAAATCT,0.936
Chromosome_8_99a-386-5p,ID=Hetgly02572.t1;Parent=Hetgly02572;Alias=mikado.Scaffold_8G4759.1::Chromosome_5:14887244-14919700,1,24,20220,20251,AAGAUUUUUCAGCAAUUUUUUUU,TTAAAAAATATAAATAAGACACGAAAAATCA,0.956
Chromosome_8_99a-386-3p,ID=Hetgly02601.t1;Parent=Hetgly02601;Alias=mikado.Scaffold_8G4757.1::Chromosome_5:15132407-15164029,1,27,4573,4595,GAAAAAAUCAUCUGAAAAUUUCUUAA,TTACTAAACAATTCGATTTTTT,0.934
Chromosome_8_99a-386-5p,ID=Hetgly02697.t1;Parent=Hetgly02697;Alias=mikado.Scaffold_8G5001.1::Chromosome_5:15822404-15893702,2,25,37537,37561,AGAUUUUUCAGCAAUUUUUUUUG,CCAAGGAAAAATCATGCAAAAACT,0.976
Chromosome_8_99a-386-5p,ID=Hetgly15132.t1;Parent=Hetgly15132;Alias=mikado.Scaffold_6G2102.1::Chromosome_6:6803005-6811329,1,24,3103,3123,AAGAUUUUUCAGCAAUUUUUUUU,TCCAATAAATTTAAAAATCC,0.938
Chromosome_8_99a-386-5p,ID=Hetgly17881.t1;Parent=Hetgly17881;Alias=mikado.Scaffold_7G2676.1::Chromosome_7:8357211-8370880,8,25,9333,9355,UUCAGCAAUUUUUUUUG,GGTTCCCAAATTTTAAAAATCT,0.932
Chromosome_8_99a-386-5p,ID=Hetgly18770.t1;Parent=Hetgly18770;Alias=mikado.Scaffold_7G4058.1::Chromosome_7:13165576-13207576,1,25,32819,32840,AAGAUUUUUCAGCAAUUUUUUUUG,TTAAAAACAAAAACAAAATCT,0.934
Chromosome_8_99a-386-3p,ID=Hetgly20695.t1;Parent=Hetgly20695;Alias=mikado.Scaffold_2G134.1::Chromosome_8:172612-183989,8,27,209,235,UCAUCUGAAAAUUUCUUAA,AATGATCATTTTGTCTTCGATTTTTT,0.962
Chromosome_8_99a-386-5p,ID=Hetgly19368.t1;Parent=Hetgly19368;Alias=mikado.Scaffold_9G1138.1::Chromosome_9:3640404-3701676,6,25,39392,39414,UUUUCAGCAAUUUUUUUUG,ATCTTAACTATTACCAAAATCT,0.95
Chromosome_8_984a-263-5p,ID=Hetgly07978.t1;Parent=Hetgly07978;Alias=mikado.Scaffold_5G4411.1::Chromosome_1:17373965-17412283,11,20,23084,23102,AAAUUAUUC,TTTACATCAGATCATTAT,0.94
Chromosome_8_984a-263-5p,ID=Hetgly08236.t1;Parent=Hetgly08236;Alias=mikado.Scaffold_5G4875.1::Chromosome_1:19230222-19233846,1,18,68,93,AAUAAUGAUGAAAUUAU,GAGTAGGATTTCTTCACATCATTAA,0.952
Chromosome_8_984a-263-5p,ID=Hetgly08659.t1;Parent=Hetgly08659;Alias=mikado.Scaffold_5G5765.1::Chromosome_1:22053881-22084985,2,18,19566,19584,AUAAUGAUGAAAUUAU,AAATCAGTCCATCATTAA,0.942
Chromosome_8_984a-263-3p,ID=Hetgly03942.t1;Parent=Hetgly03942;Alias=mikado.Scaffold_3G2519.1::Chromosome_3:9374048-9400037,4,21,17730,17747,AUUUCAUUUGUUAUUUU,TTCAAAACCAGAAATTA,0.942
Chromosome_8_984a-263-5p,ID=Hetgly04218.t1;Parent=Hetgly04218;Alias=mikado.Scaffold_3G3067.1::Chromosome_3:10894772-10957169,11,19,56821,56839,AAAUUAUU,TCCCGAGCCTATCATTAT,0.926
Chromosome_8_984a-263-3p,ID=Hetgly04364.t1;Parent=Hetgly04364;Alias=mikado.Scaffold_3G3332.1::Chromosome_3:11575771-11576654,11,20,514,533,UUGUUAUUU,ATGCTCCGTTAAGAAATTA,0.944
Chromosome_8_984a-263-3p,ID=Hetgly04892.t1;Parent=Hetgly04892;Alias=mikado.Scaffold_3G4083.1::Chromosome_3:14098518-14167596,3,19,48903,48922,AAUUUCAUUUGUUAUU,GCAAAAACTGATGAAATTG,0.928
Chromosome_8_984a-263-3p,ID=Hetgly12112.t1;Parent=Hetgly12112;Alias=mikado.Scaffold_4G603.1::Chromosome_4:2111816-2116567,13,21,182,201,GUUAUUUU,AGCTCTCTCATCGAAATTA,0.936
Chromosome_8_984a-263-3p,ID=Hetgly13523.t1;Parent=Hetgly13523;Alias=mikado.Scaffold_4G3223.1::Chromosome_4:11223010-11243614,4,21,18128,18148,AUUUCAUUUGUUAUUUU,ATCATCACACACCGAAATTA,0.93
Chromosome_8_984a-263-3p,ID=Hetgly13615.t1;Parent=Hetgly13615;Alias=mikado.Scaffold_4G3493.1::Chromosome_4:11787360-11814302,4,21,24452,24472,AUUUCAUUUGUUAUUUU,ATCATCACACACCGAAATTA,0.93
Chromosome_8_984a-263-3p,ID=Hetgly13618.t1;Parent=Hetgly13618;Alias=mikado.Scaffold_4G3494.1::Chromosome_4:11801261-11851266,4,21,10551,10571,AUUUCAUUUGUUAUUUU,ATCATCACACACCGAAATTA,0.93
Chromosome_8_984a-263-3p,ID=Hetgly13655.t1;Parent=Hetgly13655;Alias=mikado.Scaffold_4G3571.1::Chromosome_4:12093365-12096835,8,20,2852,2870,CAUUUGUUAUUU,CCATTCTCATAGAAATTA,0.926
Chromosome_8_984a-263-3p,ID=Hetgly13665.t1;Parent=Hetgly13665;Alias=mikado.Scaffold_4G3596.1::Chromosome_4:12173712-12177180,8,20,2850,2868,CAUUUGUUAUUU,CCATTCTCATAGAAATTA,0.926
Chromosome_8_984a-263-3p,ID=Hetgly00303.t1;Parent=Hetgly00303;Alias=mikado.Scaffold_8G564.2::Chromosome_5:1764491-1770294,1,20,887,906,UUAAUUUCAUUUGUUAUUU,AAAGTACTCTACGAAATTA,0.934
Chromosome_8_984a-263-3p,ID=Hetgly00303.t2;Parent=Hetgly00303;Alias=mikado.Scaffold_8G564.1::Chromosome_5:1764491-1770294,1,20,887,906,UUAAUUUCAUUUGUUAUUU,AAAGTACTCTACGAAATTA,0.934
Chromosome_8_984a-263-5p,ID=Hetgly00405.t1;Parent=Hetgly00405;Alias=mikado.Scaffold_8G873.1::Chromosome_5:2644732-2715306,2,19,59105,59127,AUAAUGAUGAAAUUAUU,AATTAATTCTCGGTATCATTAT,0.928
Chromosome_8_984a-263-5p,ID=Hetgly00894.t1;Parent=Hetgly00894;Alias=mikado.Scaffold_8G1841.1::Chromosome_5:5973570-5975440,1,20,570,592,AAUAAUGAUGAAAUUAUUC,GTACATTTACCATAATCATTAT,0.922
Chromosome_8_984a-263-3p,ID=Hetgly01998.t1;Parent=Hetgly01998;Alias=mikado.Scaffold_8G3685.1::Chromosome_5:11364293-11370290,1,21,18,40,UUAAUUUCAUUUGUUAUUUU,AGTGTATCAATCCAAGAAATTA,0.93
Chromosome_8_984a-263-5p,ID=Hetgly02572.t1;Parent=Hetgly02572;Alias=mikado.Scaffold_8G4759.1::Chromosome_5:14887244-14919700,10,19,18706,18724,GAAAUUAUU,TTTAAAAACCATCATTAT,0.926
Chromosome_8_984a-263-3p,ID=Hetgly14552.t1;Parent=Hetgly14552;Alias=mikado.Scaffold_6G793.1::Chromosome_6:2809697-2814906,2,21,764,783,UAAUUUCAUUUGUUAUUUU,CAAACGCCTCAAGAAATTA,0.928
Chromosome_8_984a-263-5p,ID=Hetgly17881.t1;Parent=Hetgly17881;Alias=mikado.Scaffold_7G2676.1::Chromosome_7:8357211-8370880,11,20,9983,10001,AAAUUAUUC,AACACATCGAATCATTAT,0.92
Chromosome_8_984a-263-5p,ID=Hetgly18590.t1;Parent=Hetgly18590;Alias=mikado.Scaffold_7G3825.1::Chromosome_7:12149496-12191907,8,20,37429,37447,AUGAAAUUAUUC,TCTTCTCTTAATCATTAT,0.944
Chromosome_8_984a-263-3p,ID=Hetgly18770.t1;Parent=Hetgly18770;Alias=mikado.Scaffold_7G4058.1::Chromosome_7:13165576-13207576,11,21,6345,6364,UUGUUAUUUU,CCCCCCCCCCACGAAATTA,0.944
Chromosome_8_984a-263-3p,ID=Hetgly20741.t1;Parent=Hetgly20741;Alias=mikado.Scaffold_2G159.1::Chromosome_8:539561-542639,8,21,2013,2037,CAUUUGUUAUUUU,TGTCGCCCAAATTTTGTGAAATTA,0.934
Chromosome_8_984a-263-5p,ID=Hetgly18933.t1;Parent=Hetgly18933;Alias=mikado.Scaffold_9G96.1::Chromosome_9:723880-730000,10,19,3594,3612,GAAAUUAUU,TTAAAAAACCATCATTAT,0.924
